Genus	g__Methanobrevibacter	g__Actinomyces	g__Bifidobacterium	g__Parascardovia	g__Rothia	g__Cutibacterium	g__Propionibacterium	g__Olsenella	g__Collinsella	g__Adlercreutzia	g__Asaccharobacter	g__Eggerthella	g__Gordonibacter	g__Slackia	g__Bacteroides	g__Bacteroidales_unclassified	g__Barnesiella	g__Coprobacter	g__Butyricimonas	g__Odoribacter	g__Porphyromonas	g__Alloprevotella	g__Paraprevotella	g__Prevotella	g__Alistipes	g__Parabacteroides	g__Gemella	g__Aerococcus	g__Enterococcus	g__Lactobacillus	g__Lactococcus	g__Streptococcus	g__Catabacter	g__Christensenella	g__Clostridium	g__Hungatella	g__Clostridiales_Family_XIII_Incertae_Sedis_unclassified	g__Mogibacterium	g__Clostridiales_unclassified	g__Intestinimonas	g__Lawsonibacter	g__Monoglobus	g__Eubacterium	g__Anaerostipes	g__Blautia	g__Butyrivibrio	g__Coprococcus	g__Dorea	g__Eisenbergiella	g__Fusicatenibacter	g__Lachnoclostridium	g__Lachnospira	g__Lachnospiraceae_unclassified	g__Roseburia	g__Sellimonas	g__Tyzzerella	g__Oscillibacter	g__Intestinibacter	g__Peptostreptococcus	g__Agathobaculum	g__Anaeromassilibacillus	g__Anaerotruncus	g__Faecalibacterium	g__Flavonifractor	g__Gemmiger	g__Ruminococcaceae_unclassified	g__Ruminococcus	g__Ruthenibacterium	g__Catenibacterium	g__Coprobacillus	g__Dielma	g__Erysipelatoclostridium	g__Erysipelothrix	g__Holdemanella	g__Holdemania	g__Turicibacter	g__Firmicutes_unclassified	g__Phascolarctobacterium	g__Mitsuokella	g__Allisonella	g__Dialister	g__Megasphaera	g__Veillonella	g__Parvimonas	g__Tissierellia_unclassified	g__Fusobacterium	g__Victivallis	g__Ralstonia	g__Comamonas	g__Oxalobacter	g__Parasutterella	g__Sutterella	g__Turicimonas	g__Bilophila	g__Bilophila	g__Desulfovibrio	g__Desulfovibrionaceae_unclassified	g__Desulfovibrio	g__Citrobacter	g__Enterobacter	g__Escherichia	g__Klebsiella	g__Haemophilus	g__Acinetobacter	g__Proteobacteria_unclassified	g__Akkermansia	g__Blastocystis
S117	0	0	0.019463146	0	0	0	0	0	0.000861945	0.00050375	0.000455132	0	0.000140263	0.008005886	0.406068357	0	0.047568604	1.94E-05	0.003768339	0.00576427	0	0	0.06941942	0	0.040261439	0.0231638	0	0	0.00479271	8.81E-05	0	0.003840118	0	0	0	0	0	0	0	0.000238098	0	0	0.152490296	0.003716027	0.014612534	0	0.000179797	0.005144816	0	0.009777496	0	0	0.000182192	0.028510774	0	0	0.00936619	0	0	0.001344331	0	0	0.048966744	0.000869133	0.001988743	0.000477494	0.009661591	0.001715105	0	0	0	0	0	0	0	0	0.016747231	0.041967758	0	9.57E-05	0	0	0.00029001	0	0	0	0	0	0	0	0	7.51E-05	0	0.001685255	0.001685255	0	0	0	0.001315579	0	0.010791284	0.000384451	0	0	0	0.00152862	0
S134	0	0	0.010299842	0	0	0	0	0	0.002469235	0	0	0	3.05E-05	3.57E-05	0.463665789	0	0.028433488	0	0.001019719	0.008823638	0	0	0	0	0.103156541	0.037181761	0	0	0	0	0	0.000295361	0	0	0.016485724	0	0	0	0	0	5.28E-05	0.001155955	0.047393045	0.00036063	0.004201418	0.061866418	0.001688204	0.002042537	0	0.003733539	0	0	0.006130708	0.045373297	0	0	0.015111572	0	0	0	0	0	0.057442704	0	0.001255708	0.00097514	0.025427406	0.001312181	0	0	0	0	0	4.20E-06	0	0	0.012118184	0	0.00479164	0	0.030063819	0	0.000247683	0	0	0	0.000210801	0	0.000377522	0	0.000230391	6.95E-05	0	0.000471178	0.000471178	0	0	0	0	7.64E-05	0.002978495	0	0	0	0	0.000468579	0
S1531	0	0	0.037778017	0	4.14E-05	0	0	0	0.008981734	0	0	0	0	0	0.23256187	0	0.017785957	0	0	0.011558553	0	0	0.032597592	0	0.060099718	0.026512018	0	0	0	0	0.000102849	0.001285461	0	0	0	6.14E-05	0	0	0	0.000598502	0.000646079	0.000866769	0.323258476	0.000569217	0.004205109	0	0.023783875	0.002036787	0	0.001955028	0	0	0.005876378	0.031690943	0	0	0.011362051	0	0	0.000435084	4.27E-05	0.000585709	0.058320703	0.000244578	0.000249776	0.003475172	0.060313212	0.000607098	0	0	0	0	0	0.000191805	0	0	0.010866897	0.004310357	0	0	0	0	0.000266867	0	0	0	0	0	0	0	0	0	0	0	0	0.000496953	0	0.000496953	0	0	0.010443507	0	0	0	0	0.012281094	0.000155823
S1708	0	1.58E-05	0.009633288	0	0	0	0	0	0.006666761	0	0	0	0	0.000178977	0.498828247	0	0	0	0.000437245	0.023383558	0	0	0.000245469	0.145933542	0.069966998	0.044540297	0	0	0.00016048	0.000140182	0	7.83E-05	0	0.000113386	0	0	0	0	0	0	0.00015948	0	0.000132383	0.000452343	0.001849167	0.023342264	0.00143012	0.002689762	0	0.000901187	0.000510936	0.000420447	0.02186285	0.028022875	0	0	0.001463516	0	0.000185177	0.000124384	0	0	0.020084873	2.59E-05	0.000688813	0.004497234	0.007812717	0.002076039	0.000886688	0	0	0	0	0.001286838	2.18E-05	0	0.002261915	0.002499886	0	0	0	0	0.00023607	0.000185377	0	0	0	0	0	0	8.18E-05	0	0	0.000125484	0.000125484	0	0	0	0	0	0.056723764	0	5.65E-05	0	0	0.01645343	0
S179	0	0	0.070400289	0	0	0	0	0	0.006005807	1.10E-05	1.71E-05	3.92E-05	0.000147984	0	0.454017031	0	0.051596183	0	0	0.016884606	0	0	0	0	0.107194039	0.028317972	0	0	0	0	0	0.001240531	0	0	0.002358157	0	0	0	0	0	0	0.001972958	0.050086562	0.000242111	0.001246826	0	0.010235502	0.01225952	0	0.000718039	0	0	0.004727806	0.019995076	0	0	0.006711556	0	0	8.30E-05	0	0	0.061841177	0.000963947	0.000708346	0.001971859	0.027148086	0.00032005	0	0	0	0	0	0	0	0	0.00798566	0.008421519	0	0	0	0	1.15E-05	0	0	0	0	0	0	0	0.012680292	0	0.000480724	0.00078089	0.00078089	0	0	0	0	0	0.000399987	0	0.000303263	0	0.000636003	0.028056976	0
S1914	0	0	0.011729701	0	0	0	0	0	0	0	0	0	0	0	0.776369978	0	0	0	0	0.020349202	0	0	0	0	0	0	0	0	0	0	0	0	0	0	0	0	0	0	0	0.0002655	0	0.024119702	0.0005922	0.0008079	0.0020994	0	0.0008291	0	0	0.0011442	0	0	0.022539802	0.0025409	0	0	0	0	0	0	0	0.0002269	0.058500806	0.016891602	0	0.020517102	0	0.0017117	0	0	0	0	0	0	0	0	0.0024701	0	0	0	0.0013776	0	0	0	0	0	0	0.0025842	0	0	0	0	0	0	0	0	0	0	0	0	0.017742202	0	0	0	0	0.014590201	0
S1922	0	0	0	0	0	0.000406	0	0	0	0	0	0.0020438	0.0014221	0.013483403	0.477376695	0	0.047154109	0	0	0	0.0009256	0	0	0.0007311	0	0.025943505	6.93E-05	0.0004119	0	0	0	0.002584701	0	0	0	0.0006824	0	0	0	0	0.000107	0	0.007130301	0.013960703	0.013834803	0	0.015274803	0.016304703	0	0.013967503	0	0	0.0004192	0.021276204	0	7.60E-06	0.008160402	0.004016801	0	0.000367	0	0	0.044942009	0.004663401	0.0015555	0.146184029	0.018183404	0.006082601	0	0	0	0.0017619	0	0	0.0005526	0	0.024811105	0.005156201	0	0	0	0	6.01E-05	0	0	0	0	0	0	0	0	0	0	0	0	0	0	0	0	0	0.057500912	0	0.0004846	0	0	0	0
S1969	0.1366235	0	0.0141065	0	0	0	0	0	0.008346	0.0017294	0.0004712	0.0004245	0.0017171	0.0012988	0.4970278	0	0.0042193	0	0	0.0083643	0.0004653	0	0.006699	0.0686846	0.0147223	0.0298347	0	0	0	0	0	0.00061	0	0	0.1035892	0	0	0	0	0.0008314	0	0	0.0026129	0.0009665	0.004314	0.0092793	0.0003543	0.0006583	0	0.0005446	0	0	0.0045184	0.0030313	0	0.0001127	0.0032905	0	0	0	0	0	0.0153165	0.0009497	0.0008868	0.0022243	0.0134206	0.0065445	0	0.0010837	0	0	0	0	0	0	0.0062781	0.0025815	0	0	0	0	0	3.54E-05	0	0	0	4.89E-05	0	0	0	0	0	0	0	0	0	0	0	0	0.0052971	0	0	0	0	0.0158852	0
S1972	0.001526	0	0.000901	0	0	0	0	0	0.0022827	0	0	0	0	0.0001039	0.0606503	0	0.0003099	0	0.0003351	0.002178	0	0	0	0.8073722	0.0047732	0.0080831	0	0	0	0	0	0.0003948	0	0	0.0016201	0	0	0	0	0	0	0	0.0049208	0.0006619	0.0022045	0	0.0090526	0.0012364	0	0.0003778	0	0.0002794	0.0172074	0.0345443	0	0	0.002235	0	0	0.0001917	0	0	0.0222487	0	0.0001904	0	0.0093867	0	0	0	0	0	0	4.50E-06	0	0	7.10E-06	0	0	0	0	0	0	0	0	0	0	0	0	0	0	0	0	0	0	0	0	0	0	0	0.004645	0	7.55E-05	0	0	0	0
S201	0	0	0.003834912	0	0	0.000135576	0	0	0.002391871	8.00E-05	7.20E-06	0.000690576	0.000292448	0	0.590096337	0	0.024278944	0.000394529	1.48E-05	0.009510994	0	0	0	0	0.061268608	0.027937388	0	0	0.000131876	0	0	0.003576458	0	0	0.07497125	0	0	0	0	0	0	0	0.040563123	0.002025137	0.002213103	0	0.000365035	0.001511829	0	0.000684277	0	0	0.045857973	0.008897504	0	0	0.007960872	0	0	0.000462717	0	0	0.033643064	0.000315143	0.000183667	0.000348837	0.012788206	0.003740029	0	0	0	0	0	0	0	0	0.012415873	0	0	0	0.011946157	0	0.001415646	0	0	0	0	0	0	0	0.006028518	0	0	0.000179468	0.000179468	0	0	0	0	0	0.000284949	0	0.000553801	0	0.000209462	0.005612393	0
S2146	0	0	0	0	0	0	0	0	0.0002658	0	0	2.35E-05	0	2.12E-05	0.777539178	0	0.019651702	2.03E-05	0	0	0	0	0	0.0001383	0.0012116	0.018060602	0	0	0	0	0	0.0002291	0	0	0	0.0013131	0	0	0	3.39E-05	0.0003885	0.0004907	0.0028486	0.0003466	0.008941101	0	0.0003362	0.0028569	0.0004175	0.0007489	0.0001673	0	0	0.016304102	0	0	0.0011572	9.22E-05	0	0.0002869	0.0001028	9.92E-05	0.031209703	0.0039661	0.0002609	0.022786102	0.080367008	0.0043913	0	0	0	0	0	0.0002361	0.00075	0.000259	0.0016293	0	0	0	0	0	5.15E-05	0	0	0	0	0	0	0	0	0	0	0	0	0	0	0	0	0	0	0	0	0	0	0	0
S2148	0	0	0.008785	0	0	0	0	0.003012	0.020712	0	0	0	0	0	0.1229208	0	0.0792656	0.0001614	0.0017473	0.0042153	0	0	0.0020824	0.3579755	0.0422105	0.0147497	0	0	0	0.000411	0	0.0010025	0	0	0	0	0	0	0	0	0	0	0.0613499	0	0.0078061	0	0.0014291	0.0047101	0	0.0005707	8.70E-06	0.0016756	0.0281421	0.0619554	0	0	0.0019439	0	0	0.0022424	0.0003875	0	0.0244458	0	0.0082793	0.0012014	0.0253441	0.0013036	0	0	0	0	0	6.15E-05	0	0	0.0053593	0	0	0.000164	0.0827288	0	0	0	0	0	0	0	0	8.68E-05	0.0002897	0	0	0	0	0	0	0	0	0	0.0142395	0	0.004793	0	0	0.0002307	0
S2216	0	0.0001424	0	0	0	9.70E-05	0	0	0	0	0	0.0006303	0.0008225	0	0.639166828	0.0001643	0	0	0.001414	0.011561002	0.0006609	0	0	0.003580701	0.204468941	0.022250404	0	0	0	0	0	0.0004607	0	0	1.29E-05	0.0019094	0	0	0.011467402	0	5.22E-05	0	0.0017673	0.0003018	0.0022243	0	0.0004462	0.0009103	0.0001216	0.0009568	0.0012021	0	0.000717	6.86E-05	0	0	0.0003474	0.000115	0	0	0	5.21E-05	0.009538402	0.0011349	0.0016766	0	0.024333205	0.029053106	0	0	0.0001106	6.02E-05	0	0	0.0002668	0	0.006520901	0	0	0	0	0	0	6.13E-05	0	0	0	0	0	0	6.12E-05	0	0	0	0	0	0	0	0	0	0.019090404	0	0	0	0	0	0
S2221	0	0	0.009168899	0	0	0.0005301	0	0	0.021183398	0.0007104	0.0006685	0.0001955	0.0010495	0	0.383332462	0	0	0.0015407	0.0012052	0.008189899	0	0	0	0.0002798	0.312015469	0.012348499	0	0	0.0002201	0	0	0.0033341	0	0	0	0.0004218	0	0	0	0	1.45E-05	0	0.009241399	0.0037461	0.006582399	0	0.0009991	0.0012715	0.0001595	0.0030304	3.99E-05	0	0.012265899	0.010869799	0.0005318	0.0003437	0.0006897	0.0007108	0	0	0.0001537	0.006269599	0.022621098	0.0011632	0.0002628	0.0002559	0.093604491	0.021253398	0	0	0	3.30E-05	0	0	0.0001269	0	0.0046089	0.0041796	0	0	0	0	0.0001001	1.66E-05	0	0	0	0	0	0	0	0.0003212	0	0	0	0	0	0	0	0	0.005763299	0	0.0002682	0.0007468	0	0.031360397	0
S2269	0	0	0.002634799	0	0.0007816	0	0	0	0.001792499	8.70E-06	5.30E-05	0	2.85E-05	0	0.557841377	0	0	0	0.002475899	0.011766995	0	0	0	0	0.139461944	0.011534295	0	0	0	0	0	0.002915999	0	0	0.0004215	0	0	0	0	0.0005175	7.08E-05	0.002237399	0.013002795	0.0011187	0.002308999	0	0.000339	0.0009204	0	0.001377799	0	0.000175	0.004968998	0.070471772	0	0	0.012358095	0	0	3.18E-05	0	0	0.037262285	0.001699399	0.0006782	0.051804079	0.004501398	0.006408097	0	0	0.0004943	0	0	0	0.0007863	0.0003923	0.002275499	0.0005359	0	0	0.013487895	0	0.002621799	0	0	0	0	0.0003482	0	0.0004719	0	0	0	0	0	0	0	0	0	0.007488597	0.0012226	0.000252	0.001806299	0	0.0001664	0.023680391	0
S2270	0	0	0.010569898	0	0	0.0003897	0	0	0.044570091	0	0	0	0.0007804	0.0024437	0.128853374	0	0.017656396	0	0.0002895	0.024128795	0.0001227	0	0.0019802	0.554244589	0.004693699	0.003299299	0	0	0	0.0001583	0	0.021717896	0	0	0.010597298	0	0	0	0	0.0003763	0	0	0.045079091	0.004530799	0.007967898	0.003886999	0.0024094	0.003486899	0	0.0001325	0	0.0003612	0.0017979	0.032358994	0	0	0.006666499	0	0	0	0	0	0.017695196	0.0003852	0.003651199	0.0001739	0.017589396	0.002737199	0	0	0	0	0	0	0.000296	0.006294999	0.0013139	0	0	0	0	0	0.009651598	0	0	0	0	0.0004751	0	0	0	0	0	0	0	0	0	0	0	0	0.0015061	0	0.002635899	0	0	0	0
S2289	0	0	0.056821889	0	0	0	0	0	0.014073897	0.0007543	0.0007862	0.0009655	0.0007334	0	0.114824577	0	0.010389498	7.20E-06	0	0.011221298	0.0003188	0	0	0.0008083	0.020742096	0.013059797	0	0	0	0	0	0.0010138	0.0001373	0.0001485	7.82E-05	0.0002185	0.0002249	0	0	0	0	0	0.025614495	0.014149097	0.008234098	0	0.010764098	0.009110498	0.0005194	0.017229397	0.0010609	0	0.033653293	0.008308698	0.0002287	1.88E-05	0.015888497	0	1.51E-05	0.0002523	0.0007456	0.0009722	0.024156695	0.0009696	5.20E-06	0.001032	0.443772311	0.022088796	0	0	3.62E-05	0.003581799	0	0	0.0001569	0	0.012573497	0	0	0	0.013486097	0	0.0002494	1.77E-05	0.0002363	0.0001001	0	0	0	0	0	0	0	0	0	0	0	0	0	0	0.004614999	0	0	0	0	0.078765484	1.12E-05
S2345	0	0	0.0010297	0	0	0	0	0	0.0006705	0	0	3.72E-05	0	0	0.4903051	0	0.0048909	0.0018346	0.0001833	0.0042994	0	0	0.0022488	0.333528	0.0892746	0.0211656	0	0	0	0	0	0.0002539	0	0	0.0004315	0	0	0	0	0.0004134	0	0	0.0024682	0.0002396	0.0023903	0	0.0006168	0.0015958	0	0.0002255	0	1.77E-05	0.0006173	0.0092908	0	0	0.0020515	0	0	0	0	0.0050123	0.0175575	0.0010483	0.0010835	0	8.80E-06	0.0008118	0	0	0	0	0	0	0	0	0.0030677	0.0008479	0	0	0	0	0	0	0	0	0	0	0	0	0.000363	0	0	0	0	0	0	0	0	0	0	0	0	0	4.97E-05	0	0
S2429	0	0	0.0279982	0	0.0001137	0.0001589	0	0	0.0076936	2.39E-05	0	4.40E-05	0.0001984	0	0.6120761	0	0.0407363	0.0004019	2.55E-05	0.0086422	0.0002878	0	0	0.0039719	0.0629174	0.0363087	0	0	0	0	0	0.0067591	0	1.02E-05	0.0004334	0.0003482	0	0	0	5.70E-05	8.26E-05	0.0106643	0.015678	0.0015213	0.0019216	0.0024387	0.0004927	0.0028883	8.78E-05	0.0010716	0	0	0.0125953	0.0073983	0	0	0.0034684	0	0	8.40E-06	0.0001372	0	0.021089	0.0021921	0.000246	0.0162308	0.001675	0.0101305	0	0	0.0002287	0	0	0	0.0004979	0.0001994	0.002401	0.0026531	0	0	0	0	0	8.61E-05	0	1.56E-05	0	0	0	0	0	0	0	0	0	0	0	0	0	0	0.072074	0	0.000502	0	0	0.0001102	0
S2452	0	0	0.0094743	0	0	0.000105	0	0	0.0018258	1.12E-05	0	0	0.0005454	0	0.4457095	0	0	0.0026448	0.0007807	0.016073	1.47E-05	0	0.0069608	0.0001751	0.1184024	0.0118758	0	0	0	0.000169	0	0.0010365	0	0	0.0036567	0	0	0	0	4.20E-05	1.16E-05	0	0.0119849	0.0001583	0.0002379	0.0004048	0.0005921	0.0002781	0	0.000732	3.65E-05	0.000388	0.0007456	0.1404947	0	0	0.0098025	0.000454	0	0.0002488	0	0	0.0090084	0.0007052	0.001221	0.1374251	0.0152536	0.0065683	0	0	0.0002604	0	0	4.20E-05	0	0	0.0042927	0.00026	0	4.39E-05	0.0125566	0	0.0003821	0	0	0	0	0	0	0	0.0001218	0	5.76E-05	0	0	0	0	0	0	0	0.0210497	0	0.0001415	0	0.0008546	0.003683	0
S2468	0	0	0.004290999	0	0	0	0	0	0	8.60E-06	2.22E-05	0.0006137	0.0002164	0	0.704008189	0	0.056055283	0	0	0.028297392	5.40E-06	0	0.0015629	0.0003467	0.070669279	0.013556896	0	0	0	1.38E-05	0	0.0009871	0	0	0	0	0	0	0	7.10E-06	0.0002172	0.024562893	0.015954295	0.0008466	0.007517998	0	0	0.0005332	0.0002798	0.0004617	5.20E-06	0.0002468	0.006031398	0.004825299	0	5.10E-05	0.002358399	0	0	4.05E-05	0	0.0001001	0.007127298	0.005722498	0.001296	0.029108791	0.003656099	0.001705599	0	0	7.15E-05	0	0	0	0	0	0.0008087	0	0	0	0	0	0	0	0	0	0	0	0	0	0	0	0	0	0	0	0	0	0	0	0.005809198	0	0	0	0	0	0
S2527	0	0	0.016412599	0	0	0	0	0	0	0	0	0	5.29E-05	0	0.507945452	0	0.012091168	7.38E-05	0.000382423	0.003269043	0	0	0.009801629	0	0.079639484	0.019190841	0	0	0	0	0	0.000508198	0	0.00020016	0.001034992	0	0	0	0	0.001709156	0	0	0.019115656	0.00333353	0.002738749	0	0.007235545	0.002155367	0	0.005952703	0	0	0.030715623	0.023413092	0	0	0.013301125	0	0	0	0	0.000226454	0.04017972	0.004130169	0.000635472	0.000294541	0.126574846	0.002770243	0	0	0	0	0	0	0.00025075	0	0.005820529	0.015808021	0	0	0	0	0.001026094	0	0	0	0	0.000259048	0	0	0	0	0	0	0	0.00020076	0	0.00020076	0.000128274	0	0.000790141	0	0	0	0	0.040430969	0
S2593	0	0	0.1042135	0	0	0	0	0.0021287	0	0	0	0	0.0002298	0	0.2534592	0	0.0150388	0	0	0.0089852	0	0	0.0240625	0	0.0011923	0.0023889	0	0	0	0	0	0	0	0	0	0	0	0	0	0	0	0	0.1554361	0.0032174	0.0058679	0	0.0022772	0.0003575	0	0.0062842	0	0	0.091741	0.0316857	0	0	0.000339	0	0	0.0004354	0	0	0.0640377	0	0.0005985	0.0046841	0.1731703	0.019221	0	0	0	0	0	0.0009794	0	0	0.0026273	5.81E-05	0	0	0	0.0028181	0	0	0	0	0	0.0003451	0	0	0.0001482	0	0	0	0	0	0	0	0	0	0.0090552	0	0	0	0.0129167	0	0
S2600	0	0	0.310242569	0	0	0	0	0	0.013674099	0	0	0	0	0.005098299	0.136187786	0	0.030683897	0	0	0.007469799	0	0	0	0	0.049812695	0.001186	0	0	0	0	0	0	0	0	0	0	0	0	0	0	0	0.0002278	0.0022199	0	0.0004736	0	0.0029368	0	0	0.006148499	0	0.0006676	0.045470895	0.059790194	0	0	0.042356096	0	0	5.61E-05	0	0	0.117492588	0.0013099	0	0	0.10202349	0.008070799	0.0003041	0	0	0	0	0	0	0	0.005302199	0	0	0	0.013928599	0	0	0	0	0	0	0.0005035	0	0	0	0	0	0	0	0	0	0	0	0	0.029761297	0	0	0	0	0.006600899	0
S2601	0.327998579	0.000309045	0.009364941	0.001103005	0.000118479	0	0.000183268	0	0.068462968	0.000230159	0.00011008	0.000156872	0.001106904	0.005716587	0.195281896	0	0.000714073	6.12E-05	0.001061012	0.005872159	0	0	0	0.058509132	0.000326642	0.006642323	0	0	0.00028295	0.000100782	0	0.014382251	4.14E-05	0.000988025	0.001388954	0.003465286	0	0.000145474	0	0	0	0	0.062199578	0.001149696	0.013363032	0	0.003374402	0.011011449	0.000189766	0.001232982	0	0	0.004273243	0.012772637	0	0	0.000683879	0.002890988	0	0	0	0	0.013504007	0.000334341	0.002436768	0.002972173	0.020964085	0.022937735	0	0	0	5.15E-05	0	0.001482737	0	0.000523507	0.001257177	0.002591941	0	0	0	0	0	0	0	0	0	0	0	0.001149896	0	0	0	5.20E-05	5.20E-05	0.000125378	0	0.000125378	0	0	0.029611853	0	0.000498612	0	0	0.081966576	0
S2608	0	0	0.0039254	0	0.0004681	0	0	0	0.000727	0	0	0	3.90E-05	0	0.666862667	0	0.0034091	0.0002049	0	0.006884601	0	0	0	0.0002836	0.007056501	0.018771002	0	0	0	0	0	0.008164401	0	0	0.017522102	0.0005407	0	0	0	0.0010029	0	0	0.005029201	0.0006332	0.0036188	0	0.0012445	0.0001151	0.0023548	0.0001754	0.0009996	0	0	0.005494101	0	0	0.0010614	0.0010221	0	0.0013929	0	0	0.106966411	0.0004181	0.00112	0.012612101	0.0019371	0.0009404	0	0	2.71E-05	0.000135	0	6.07E-05	0	0	0.0025784	0.0007296	0	0	0	0	0.0012595	0	0	0.005162301	0	3.47E-05	0	0	0.0021442	0	0	0	0	0	0	0	0	0	0.09943541	0.0001378	0.0024625	0	9.89E-05	0.0027367	0
S2627	0	0	0.003239283	0	4.10E-06	0	0	0	0.019591331	3.30E-05	0	8.20E-06	0.000703192	0	0.421417572	0	0.048396831	0	7.10E-05	0.012732631	3.29E-05	0	0	0.076733437	0.047687541	0.100779719	0	0	0	0	0	0.000290473	0	0	0.006622203	0.002408047	0	0	0	0	2.04E-05	0.003213794	0.000997064	0.000746374	0.011516962	0	0.010551985	0.003690186	0.000339651	0.002544287	0.000650416	0	0.03838661	0.007625565	0.001436971	0	0.000315762	0.000884013	0	0.000326257	0	0.002598663	0.007954821	0.001588805	0.000875717	0.009451666	0.04211258	0.010855652	0	0	0	0.002328681	0.003422703	0	0	0.000336353	0.008271482	0.005949498	0	0	0.01607267	0	0.000375536	0	0	0	0	0	0	0	0.002152558	0	0	0.000437009	0.000437009	0	0	0	0	0	0.060259542	0	0.000374236	0	9.34E-05	0	0
S2632	0	0	0.017290298	0	0	0.0003336	0	0.0001413	0.009046799	0	0	0	0.0007037	0	0.225041777	0	0	0	0	0.0039804	0	0	0	0.233024177	0.066733593	0	0	0	0	0	0	0.0004467	0	0	0.0008193	0	0	0	0	0	0	0.013845399	0.005017099	0.0034513	0.011005099	0	0.018157498	0.0022788	0	0.007955899	0	0.0002487	0.0043956	0.036776496	0.0001272	0	0.061315294	0	0	0	0.0004008	0	0.007272599	0.0001073	3.09E-05	0.0035076	0.125410087	0.018590698	0	0	0	0	0	0	0.0007291	0	0.005196499	0	0	0	0.0040722	0	0	0	0	0	0	0	0	0	0	0	0	0	0	0	0	0	0	0	0.021819798	0	0.0001767	0	0	0.090549691	0
S2663	0	0	0.0023645	0	0	0	0	0	0.0020399	7.51E-05	8.37E-05	0.0001157	7.10E-06	0	0.488946202	0	0.078457584	0.00031	0.004620099	0.040957992	0.0002245	0	0	0	0.152692369	0.003894599	0	0	2.95E-05	0	0	0.0016876	7.31E-05	0	0.0001238	0	0	0	0	0	0	0	0.005302399	0.003154799	0.005706199	0	0.003184799	0.0008324	0	0.003126599	0	0	0.006723699	0.020654296	0	0	0.003554499	0	0	7.44E-05	7.27E-05	0	0.033376293	0.0012554	0.0006033	0.021708996	0.016994897	0.0009499	0	0	0	0	0	2.49E-05	0	0	0.0012967	0.003449899	0	0	0	0	4.00E-05	0	0	0	0	0	0	0	0	0	0	0	0	0	0	0	0	6.24E-05	0.0007125	0	0.0001702	0	0	0.090264482	0
S2680	0	0	0.043873887	0	0.0009928	1.98E-05	0	0	0.002054199	0.0002037	0.0001876	0.0003779	0.0008763	0	0.549919735	0	0.017594695	0	0	0.015721195	0	0	0.009404797	0	0.092022872	0.012837696	0	0	0	0.0004182	9.23E-05	0.007195598	1.14E-05	0	0.005232098	0	0	0	0	4.30E-06	8.50E-05	0	0.023614693	0.004186499	0.009015697	0	0.017117995	0.004600099	0	0.012264896	0	0.000398	0.001802499	0.025630392	0	7.87E-05	0.00143	0.0008676	0	0.0012774	0	0	0.035936189	0.0004116	0.0009728	0.008060898	0.06509688	0.003456499	0	0.0002501	0	0	0	0	0	2.64E-05	0.0002262	0.010506497	0	0	0.002519999	0	0.004332299	0	0	0	0	0	0	0	0.0010623	0	0	0	0	0	0	0	0	0	0.005509498	0	0.0002154	0	5.90E-06	0	0
S2726	0	0	0.035414529	0	0	0	0	0	0.016739818	0	0	0	0	0.000630337	0.025765853	0	8.80E-06	0	0	0.00371595	0	0	0.006227103	0.247487073	0.015503234	0.006704204	0	6.29E-05	0.000854644	0.016832479	0.000169229	0.007597431	0	0	0.131636394	0	0	0	0	0	0	0	0.223268975	0.00244618	0.008355015	0.030507975	0.001888712	0.011098971	0	0.003005946	0	0	0.06470951	0.075693528	0	0	0.001217592	0	0	0.000357151	0	0.003030336	0.036092246	0.000212811	0.001002982	0.002844114	0.004956932	1.82E-05	0	0	0	0	0	0.006875732	0	0	0.001607829	0	0	0	0	0	0.000514086	0	0	0	0	0	0	0	0	0	0	0	0	0.000416926	0	0.000416926	0	0	0.002735659	0	0	0	0	0.001375726	0
S2817	0	0	0.4089855	0	0	0.000528	0	0	0.0157797	0.0001498	0.0001568	0	0.001634	0	0.0829316	0	0.0117426	0	0	0.0010813	0	0	0	0.0049615	0.0139714	0.0019123	0	0	0	5.20E-05	0	0.0023749	0	7.03E-05	0.0012133	0	0	0	0	0	0	0	0.0157719	0.0005863	0.0066491	0	0.0101712	0.0012832	0	0.0067997	0	0	0.0029113	0.0134686	0	0	6.30E-05	0.00049	0	0.0003703	0.0002797	0	0.0897836	0.000157	0.0035042	0.0052206	0.0403366	0.007028	0	1.85E-05	0	0	0	0	0.0003506	2.10E-05	0.0089003	0.0001547	0	0	0.0001397	0	0	0.0017498	0	0	0	0	0	0	0	0	0	0	0	0	0	0	0	0	0.0001314	0	0	0	0	0.2360982	0
S2846	0	0	0.0882282	0	0.0012056	0.0001708	0	0	0.013364	0	0	0	0.0002056	0.0055228	0.0613236	0	0.004173	0	0	0.0028274	0	0	0.0023765	0.2258473	0.0025123	0.0018425	0	0	0	0	0	0.0075579	0	0	0.0088528	0	0	0	0	0	0	0	0.1242178	0.0042254	0.0140805	0.0042291	0.0228389	0.0075133	0	0.0097147	0	0	0.0278227	0.0284298	0	0	0.0061789	0.0001014	0	0	0	0	0.052801	0.000726	0.003323	0.0189642	0.0085775	0.0077405	0	0	0	0	0	0	0	0	0.0062937	0.0202825	0	0	0	0	5.96E-05	0	0	0	0	0	0	0	0.0008272	0	0	0	0	0	0	0	0	0	0.002136	0	0.0001371	0	0	0.2027689	0
S2883	0	0	0.011555023	0	0	0	0	0	0	7.19E-05	8.00E-05	0.000155459	0.000143362	0.001444415	0.55565233	0	0.010029129	0.000821281	0	0.005158126	0	0	0.035228619	0	0.019969882	0.016166595	0	0	0	0	0	4.34E-05	0	0	0.001133098	0.004599675	0	0	0	0	0	0	0.050631517	0.00146601	0.00304039	0	0.000329112	0.002237004	0	0.00176433	0.006548456	0.000576047	0.025954388	0.02189397	0	0	0.000757898	6.16E-05	0	0.000125367	0	1.55E-05	0.045313033	0.005486039	0.00015206	0	0.02324491	0.002544822	0	4.05E-05	0	0.000316016	0	0	7.13E-05	0.000780192	0	0	0	0.000164256	0.031015241	0	0	0	0	0	0	0	0	0	0	0	0	0.000266229	0.000266229	0	0	0	0	0	0.112685392	0	0	0	0	0	0
S2927	0	0	0.058492951	0	6.00E-06	0	0	0	0.006844812	0	0	0	0.000169171	0	0.300184718	0	0.021368793	0.000499913	0	0.00270643	0	0	0.004071394	0	0.041690167	0.021610351	0	0	0	9.96E-05	0	0.001342767	0	0	0.012086703	0	0	0	0	0	0.00017327	0.004251162	0.165907215	0.010044057	0.006838813	0.030923035	0.018059167	0.002342594	0	0.009421865	0	0.000905143	0.095594214	0.062722918	0	0	0.003059769	0	0	0.000189067	0	0	0.035092611	0.000486916	0.003904723	0.003947215	0.013870793	0.001477144	0	0	0	0	0	0	0	0	0.007412114	0.050211788	0	0	0	0	0.00138396	0	0	0	0	0	0	0	0	0	0	0	0	0.00017357	0	0.00017357	0	0	0	0	0.000259555	0	0	0	0
S2967	0	0	0.0016468	0	0	0	0	0	0.004165501	4.00E-06	0	0	8.10E-06	0	0.379909576	0	0.058842812	0	0.001544	0.005047801	0	0	0.001272	0.146229329	0.012769603	0.009653802	0	0	0	0	0	0	0	0	0	0	0	0	0	0	0	0	0.0017101	3.25E-05	0.0011462	0	0.013481603	0.002968901	0	0.0014826	0	0.0002696	0.029115006	0.028222906	0	0	0.0002733	0	0	0.004357901	0.0002282	0	0.106403021	0.0010166	0.0015568	9.30E-06	0.0022025	0.006491601	0	0	2.53E-05	0	6.36E-05	0	0.0001126	0	0.003471401	0.0001947	0	0	0.063457413	0	0	0	0	0	0	0	0	0	0	0	0	0	0	0	0	0	0	0.000121	0.053012011	0	0.0001483	0	0	0.057331711	0
S2971	0	0	0.008444803	0	3.70E-06	0	0	0	0	0	0	0	0.0001301	0	0.701251681	0	0.019232908	0	0.002637701	0.041424317	0.003076701	0	0.011204904	0.002246701	0.079875432	0.002691601	0.000161	0	2.32E-05	0	0	0.0004676	0.0001761	0	0	0.001485701	0	0	0	0	0	0.003950102	0.0011606	0.000493	0.003473501	0	0.0012336	0.001326701	0	0.0003004	7.40E-06	0	0.008339103	0.029653912	0	5.97E-05	0.000748	0.0007537	0	0	0	0.0003064	0.017089307	0.004476902	0.0001422	0.009701304	0.013018805	0.001634901	0	0	0.004944302	0	0	0	0	0.0001881	0.0010769	0	0	0	0	0	0	0.0002233	0	0	0	0	0	0	0.0009304	0	0	0	0	0	0	0	0	0	0.020096608	0	0	0	1.22E-05	8.52E-05	0
S329	0	0	0.0326151	0	0	0	0	0	0.0010213	0	0	0	0	0	0.6784664	0	0.0194698	0.0001037	0.0006154	0.0153379	0	0	0	0	0.0312556	0.0351415	0	0	0	1.35E-05	0	0	0	0	0.0002888	0	0	0	0	0.0001236	0	0	0.0098407	0.0007199	0.000789	0	0.0076828	0.0006425	0	0.0004547	0	0.0031284	0.0119125	0.0206739	0	0	0.0002011	0.0007049	0	0.0010942	0	0	0.0280754	0.0003971	0.0007292	0.0167989	0.0429664	0.0002216	0	0	0	0	0	0	0	0	0.0181712	0.0012457	0	0	0.0111854	0	0	0	0	0	0	0	0	0	0	0.0002607	0	0	0	0	0	0	0	0	0.0051402	0	0.0001369	0	0	0.0023741	0
S339	0	0	0.001844341	0	0	4.01E-05	0	0	0.002095306	0	9.00E-06	0	0	6.33E-05	0.265436559	0	0.025763985	0	4.86E-05	0.004211109	1.83E-05	0	1.15E-05	0.415886351	0.142213247	0.010473231	0	0	0	0	0	0.000289159	0	0	2.74E-05	0	0	0	0	0	0	0.000491831	0.002612633	0.008657885	0.008802665	0	0.006041252	0.003723578	0	0.003184053	0	0	0.002115803	0.013517304	0	0	0.000381646	0	0	0.000240866	0	0	0.033948337	0.000819985	7.23E-05	0.009112921	0.009503167	0.001487291	0	0	0	0	0	0	0	0	0.017155593	6.62E-05	0	5.90E-05	0.004859718	0	0.001042354	0	0	0	0	0	0	0	3.82E-05	0	6.29E-05	0.00014018	0.00014018	0	0.000183174	0	0	0	0.00164127	0	0.000589117	0	0.00085238	0	0
S402	0	0	0	0	0	0	0	0	0.0013008	0	0	0	0	0.0001437	0.7079471	0	0.0109201	0.0031407	0.001683	0.0134354	0	0	0	0	0.0171923	0.0248646	0	0	0	0	0	0	0	0	0.0042187	0	0	0	0	0	0	0	0.0095915	4.62E-05	0.0061622	0.0002388	0.0015739	0.0016374	0	0.002537	0	0	0.0197614	0.0915084	0	0	0.01849	0	0	0	0	0	0.0486013	0.0002836	5.68E-05	0.0007501	0.0079168	0	0	0	0	0	0	0.0004165	0	0	0.0014265	0	0	0	0	0	0.0004285	0	0	0	0	0	0	0	0	0.0001381	0	0	0	0	0	0	0	0	0.00069	0	0.0001694	0	0	0.0015127	0.0012165
S573	0	0	0.0003779	0	0	0	0	0	0.0003073	0	0	0	0	0	0.1934159	0	0	0.0011659	0	0.0142127	0	0	0	0.6296296	0.0510703	0.0155421	0	0	0	0	0	0	0	0	0.0016141	0	0	0	0	0	0	0	0.0069255	3.83E-05	0.0001014	0.0017797	0.0013115	0.0005881	0	0	0	0	0.0315707	0.0111354	0	0	0.012657	0	0	0	0	0	0.0087609	0	0.0004673	0.0010839	0.0064516	0	0	0	0	0	0	0	0	9.60E-05	0.0025785	0	0	0	0	0	0.0001384	0	0	0	0	0	0	0	0.0048019	0	1.77E-05	0	0	0	0	0	0	0	0.0001088	0	0.0009538	0	0.0010978	0	0
S578	0	0	0.006380799	0	0	0	0	0	0.007123599	0	0	0	0	0	0.154729269	0	0	0	0.0008723	0.011240598	0	0	0.011956598	0.102769379	0.068028786	0.019545996	0	0	0	0.003103899	0	0.0007613	0	0	0	0	0	0	0	0.0001986	0	0.001723	0.10049218	0	0.0018727	0	0.001816	0.003868599	0	0.0009468	0	0.003664799	0.124716375	0.170629466	0	0	0.004221099	0	0	0.0018004	0	0	0.115683077	0.0010027	0.003862599	0.0001545	0.030671094	0.000211	0.0003361	0	0	0	0	5.01E-05	0	0	0.036962493	7.04E-05	0	0	0.006742499	0	0	0	0	0	0	0	0	0	0	5.51E-05	0	0	0	0	0	0	0	0	0.0005423	0	0.000126	0	0	0.0010406	0
S847	0	0	0.001172577	0	0.000280771	0	0	0	0.000896906	0	0	0	0	0	0.779970959	0	0.003829599	0.001194775	0.000974598	0.003453338	0	0.000104489	0	0	0.055658567	0.027883178	0	0	0	0	0	0.000684128	0	0	0	0	0	0	0	0	0	0	0.001073088	0.000980497	0.003203264	0	0.013660668	0.000847211	0	0.004540824	0	0.000126987	0.001154979	0.035478882	0	0	0.007496014	0	0	0.001514441	0	0	0.038137403	4.22E-05	0.001914399	3.47E-05	0.003845497	0.00028437	0	0	0	0	0	0	0	0	0.000824214	0	0	0	0.001276966	0	0.004409938	0	0	0	0	0	0	0	0	0	0.000116688	0.000104589	0.000104589	0	0	0	0	0	0	0	0.002393949	0	0.000329765	0	0
S865	0.002247388	0	0.004661046	0	5.89E-05	0	0	0	0.005772542	5.02E-05	1.53E-05	7.64E-05	0.000457016	0.002058123	0.245433337	0	0.042719874	0	0.001499925	0.01108227	1.37E-05	0	0.007618604	0.040294018	0.179317849	0.024003803	0	0	0	1.21E-05	0	3.27E-05	0	0	0.221215273	0	0	0	0.004084952	0.001261969	0	0	0.003159821	1.23E-05	0.00267641	0	0.000995118	0.000991718	0.00021846	0.002776091	0	0.009466166	0.010344605	0.017733151	0	5.30E-06	0.018791157	0	0	0.001242872	0	0	0.048352542	0.000223359	0.001816167	0.00223769	0.038620325	0.009011449	0	0	0	0	0	0.00168949	0	0	0.001924048	0.000209562	0	0	0	0	0	0	0	0	0	0	0.007925248	0	0	0	0	0.000183366	0.000183366	0	0	0	0	0	0.018036096	0	0	0	0	0.007186883	0
S884	0	0	0.022530562	0	0	3.12E-05	0	0	0.004849775	4.86E-05	9.40E-06	7.04E-05	0.000137885	0	0.422129626	0	0.035165895	0.001551532	0.000730021	0.005348721	0	0	0	0.000481648	0.102164546	0.040332936	0	0	0	0.001520535	0	0.0009233	0	0	0.003254448	0	0	0	0	0.000197879	0.000145984	0	0.008070127	0.006023148	0.012827412	0	0.005063152	0.003979269	0	0.004352529	2.45E-05	0.000218876	0.064887679	0.005571597	0	0	0.005557099	0	0	0.000640831	0	0	0.025512939	0.000484448	9.47E-05	0.133152093	0.024041599	0.001008191	0	0	0	7.91E-05	0	0	0	0	0.004681393	0.01191841	0	0	3.84E-05	0	0.000701024	0	0	0	0	0	0	0	0.002552824	0	0.000409956	0.000108288	0.000108288	0	0	0	0	0	0.008151118	0	5.75E-05	0	0.010953615	0.016231644	0.000873405
