Specie	s__Methanobrevibacter_smithii	s__Actinomyces_odontolyticus	s__Actinomyces_turicensis	s__Bifidobacterium_adolescentis	s__Bifidobacterium_angulatum	s__Bifidobacterium_bifidum	s__Bifidobacterium_catenulatum	s__Bifidobacterium_kashiwanohense	s__Bifidobacterium_longum	s__Bifidobacterium_pseudocatenulatum	s__Parascardovia_denticolens	s__Rothia_mucilaginosa	s__Cutibacterium_acnes	s__Propionibacterium_acidifaciens	s__Olsenella_scatoligenes	s__Collinsella_aerofaciens	s__Collinsella_intestinalis	s__Collinsella_stercoris	s__Adlercreutzia_equolifaciens	s__Asaccharobacter_celatus	s__Eggerthella_lenta	s__Gordonibacter_pamelaeae	s__Slackia_isoflavoniconvertens	s__Bacteroides_caccae	s__Bacteroides_cellulosilyticus	s__Bacteroides_clarus	s__Bacteroides_coprocola	s__Bacteroides_coprophilus	s__Bacteroides_dorei	s__Bacteroides_eggerthii	s__Bacteroides_faecis	s__Bacteroides_faecis_CAG_32	s__Bacteroides_finegoldii	s__Bacteroides_fragilis	s__Bacteroides_intestinalis	s__Bacteroides_massiliensis	s__Bacteroides_nordii	s__Bacteroides_ovatus	s__Bacteroides_plebeius	s__Bacteroides_salyersiae	s__Bacteroides_sp_CAG_144	s__Bacteroides_sp_CAG_462	s__Bacteroides_stercoris	s__Bacteroides_thetaiotaomicron	s__Bacteroides_uniformis	s__Bacteroides_vulgatus	s__Bacteroides_xylanisolvens	s__Bacteroidales_bacterium_KA00251	s__Barnesiella_intestinihominis	s__Coprobacter_fastidiosus	s__Coprobacter_secundus	s__Butyricimonas_synergistica	s__Butyricimonas_virosa	s__Odoribacter_splanchnicus	s__Porphyromonas_asaccharolytica	s__Porphyromonas_endodontalis	s__Porphyromonas_sp_HMSC065F10	s__Alloprevotella_tannerae	s__Paraprevotella_clara	s__Paraprevotella_xylaniphila	s__Prevotella_bivia	s__Prevotella_buccae	s__Prevotella_buccalis	s__Prevotella_copri	s__Prevotella_corporis	s__Prevotella_disiens	s__Prevotella_sp_AM42_24	s__Prevotella_sp_CAG_279	s__Prevotella_sp_CAG_891	s__Prevotella_stercorea	s__Prevotella_timonensis	s__Alistipes_finegoldii	s__Alistipes_indistinctus	s__Alistipes_inops	s__Alistipes_onderdonkii	s__Alistipes_putredinis	s__Alistipes_shahii	s__Alistipes_sp_An66	s__Alistipes_timonensis	s__Parabacteroides_distasonis	s__Parabacteroides_goldsteinii	s__Parabacteroides_johnsonii	s__Parabacteroides_merdae	s__Parabacteroides_sp_CAG_409	s__Gemella_morbillorum	s__Aerococcus_urinaeequi	s__Enterococcus_faecium	s__Enterococcus_mundtii	s__Enterococcus_saccharolyticus	s__Lactobacillus_delbrueckii	s__Lactobacillus_iners	s__Lactobacillus_rogosae	s__Lactobacillus_ruminis	s__Lactococcus_lactis	s__Streptococcus_infantarius	s__Streptococcus_lutetiensis	s__Streptococcus_macedonicus	s__Streptococcus_mutans	s__Streptococcus_parasanguinis	s__Streptococcus_salivarius	s__Streptococcus_sanguinis	s__Streptococcus_thermophilus	s__Streptococcus_vestibularis	s__Catabacter_hongkongensis	s__Christensenella_minuta	s__Clostridium_bolteae_CAG_59	s__Clostridium_paraputrificum	s__Clostridium_perfringens	s__Clostridium_sp_CAG_167	s__Clostridium_sp_CAG_242	s__Clostridium_sp_CAG_253	s__Clostridium_sp_CAG_411	s__Clostridium_sp_CAG_413	s__Clostridium_sp_CAG_510	s__Clostridium_sp_CAG_58	s__Clostridium_sp_CAG_964	s__Hungatella_hathewayi	s__Eubacterium_brachy	s__Mogibacterium_diversum	s__Bacteroides_pectinophilus	s__Intestinimonas_butyriciproducens	s__Lawsonibacter_asaccharolyticus	s__Monoglobus_pectinilyticus	s__Eubacterium_eligens	s__Eubacterium_hallii	s__Eubacterium_ramulus	s__Eubacterium_sp_CAG_180	s__Eubacterium_sp_CAG_251	s__Eubacterium_sp_CAG_274	s__Eubacterium_sp_CAG_38	s__Eubacterium_sp_OM08_24	s__Eubacterium_ventriosum	s__Anaerostipes_hadrus	s__Blautia_obeum	s__Blautia_wexlerae	s__Ruminococcus_gnavus	s__Ruminococcus_torques	s__Butyrivibrio_crossotus	s__Butyrivibrio_sp_CAG_318	s__Coprococcus_catus	s__Coprococcus_comes	s__Coprococcus_eutactus	s__Dorea_formicigenerans	s__Dorea_longicatena	s__Dorea_sp_CAG_317	s__Eisenbergiella_massiliensis	s__Eisenbergiella_tayi	s__Fusicatenibacter_saccharivorans	s__Clostridium_bolteae	s__Clostridium_citroniae	s__Clostridium_symbiosum	s__Eubacterium_rectale	s__Lachnospira_pectinoschiza	s__Roseburia_faecis	s__Roseburia_hominis	s__Roseburia_intestinalis	s__Roseburia_inulinivorans	s__Roseburia_sp_CAG_182	s__Roseburia_sp_CAG_303	s__Roseburia_sp_CAG_309	s__Roseburia_sp_CAG_471	s__Sellimonas_intestinalis	s__Tyzzerella_nexilis	s__Oscillibacter_sp_57_20	s__Oscillibacter_sp_CAG_241	s__Intestinibacter_bartlettii	s__Peptostreptococcus_anaerobius	s__Agathobaculum_butyriciproducens	s__Anaeromassilibacillus_sp_An250	s__Anaerotruncus_colihominis	s__Anaerotruncus_sp_CAG_528	s__Faecalibacterium_prausnitzii	s__Flavonifractor_plautii	s__Gemmiger_formicilis	s__Clostridium_leptum	s__Eubacterium_siraeum	s__Ruminococcaceae_bacterium_D5	s__Ruminococcus_bicirculans	s__Ruminococcus_bromii	s__Ruminococcus_callidus	s__Ruminococcus_champanellensis	s__Ruminococcus_lactaris	s__Ruminococcus_obeum_CAG_39	s__Ruminococcus_sp_CAG_330	s__Ruminococcus_sp_CAG_403	s__Ruminococcus_sp_CAG_488	s__Ruminococcus_sp_CAG_579	s__Ruminococcus_sp_CAG_624	s__Ruthenibacterium_lactatiformans	s__Catenibacterium_mitsuokai	s__Coprobacillus_cateniformis	s__Dielma_fastidiosa	s__Clostridium_innocuum	s__Clostridium_spiroforme	s__Erysipelatoclostridium_ramosum	s__Erysipelothrix_larvae	s__Holdemanella_biformis	s__Holdemania_filiformis	s__Turicibacter_sanguinis	s__Firmicutes_bacterium_CAG_110	s__Firmicutes_bacterium_CAG_145	s__Firmicutes_bacterium_CAG_170	s__Firmicutes_bacterium_CAG_238	s__Firmicutes_bacterium_CAG_83	s__Firmicutes_bacterium_CAG_94	s__Firmicutes_bacterium_CAG_95	s__Phascolarctobacterium_faecium	s__Phascolarctobacterium_sp_CAG_266	s__Phascolarctobacterium_succinatutens	s__Mitsuokella_multacida	s__Allisonella_histaminiformans	s__Dialister_invisus	s__Dialister_sp_CAG_357	s__Megasphaera_elsdenii	s__Veillonella_atypica	s__Veillonella_dispar	s__Veillonella_infantium	s__Veillonella_parvula	s__Veillonella_sp_T11011_6	s__Parvimonas_micra	s__Parvimonas_sp_KA00067	s__Parvimonas_sp_oral_taxon_110	s__Bacteroides_coagulans	s__Fusobacterium_varium	s__Victivallis_vadensis	s__Ralstonia_pickettii	s__Comamonas_kerstersii	s__Oxalobacter_formigenes	s__Parasutterella_excrementihominis	s__Sutterella_parvirubra	s__Turicimonas_muris	s__Desulfovibrionaceae_bacterium	s__Citrobacter_europaeus	s__Citrobacter_freundii	s__Citrobacter_portucalensis	s__Citrobacter_youngae	s__Enterobacter_cloacae_complex	s__Escherichia_coli	s__Klebsiella_aerogenes	s__Klebsiella_oxytoca	s__Klebsiella_variicola	s__Haemophilus_parainfluenzae	s__Haemophilus_sp_HMSC71H05	s__Acinetobacter_johnsonii	s__Proteobacteria_bacterium_CAG_139	s__Akkermansia_muciniphila	s__Blastocystis_sp_subtype_1
S117	0	0	0	0	0	0	0	0	0.016237706	0.003291255	0	0	0	0	0	0.00086486	0	0	0.000505453	0.000456671	0	0.000140738	0.008032958	0.007882204	0.048926879	0	0	0	0.000535203	0	0	0	7.44E-05	0	0	0.022149784	0	0.03623666	0	0	9.12E-06	0	0.020711457	0.005624693	0.015490845	0.249800213	0	0	0.047729458	1.94E-05	0	0.001975134	0.001806048	0.005783762	0	0	0	0	0.023528812	0.04612535	0	0	0	0	0	0	0	0	0	0	0	0.003212422	0.0039698	0	0	0.03207163	0.001143831	0	0	0.012312681	0	0.003107645	0.007821902	0	0	0	0.004808916	0	0	0	0	0	0	0	0.000181506	0	0	0	8.86E-05	0.000544719	0	0.003038228	0	0	0	0	0	0	0	0	0	0	0	0	0	0	0	0	0	0	0.000238903	0	0	0.002027422	0.000281074	0	0.130966044	0.013294639	0	0.001087135	0	0.005349629	0.003728593	0.000833006	0.003198799	0.000649396	0.009980846	0	0	0.000180404	0	0	0.001064998	0.004097215	0	0	0	0.009810558	0	0	0	0.000182809	0	0	0	0.025624649	0.002982534	0	0	0	0	0	0	0.007096077	0.002301885	0	0	0.001348877	0	0	0	0.049132326	0.000872072	0.001995468	0.00031393	0.000165179	0	0.009694262	0	0	0	0	0	0	0	0	0	0	0.001720905	0	0	0	0	0	0	0	0	0	0	0.00027256	0	0	0	0.016531201	0	0	0.042109673	0	0	0	9.61E-05	0	0	0	0	0	0	0.000290991	0	0	0	0	0	0	0	0	0	0	0	7.53E-05	0	0	0.000232893	0	0.000216966	0.000870169	0	0.010827775	0	0	0.000385751	0	0	0	0	0.001533789	0
S134	0	0	0	0.006911858	0	0.00133643	0	0	0.001631669	0.000429603	0	0	0	0	0	0.002471565	0	0	0	0	0	3.05E-05	3.57E-05	0.014174082	0	0	0	0	0.273491424	0	0	0	0	0.023877556	0	0	0.000744551	0.018173667	0	0	0	0	0	0.017920748	0.089931094	0	0.025785155	0	0.028460316	0	0	0	0.001020681	0.008831963	0	0	0	0	0	0	0	0	0	0	0	0	0	0	0	0	0	0.032905812	0.000622593	0	0.001501608	0.057972428	0.010251433	0	0	0.014933139	0.000343162	0	0.021940443	0	0	0	0	0	0	0	0	0	0	0	0	0	0	0	0	0.000295639	0	0	0	0	0	0	0	0	0.000528349	0	0	0.000525348	0	0.015447482	0	0	0	0	0	0	0	5.28E-05	0.001157045	0.046895206	0.000195992	0	0	0	0	0.000346563	0	0	0.00036097	0.000287636	0	0	0.003917747	0.061924791	0	9.22E-05	0.001597553	0	0.000330856	0.001713608	0	0	0	0.003737062	0	0	0	0.006136493	0	0.007058928	0.012483185	0.000823388	0.025050509	0	0	0	0	0	0	0.01512583	0	0	0	0	0	0	0	0.057496904	0	0.001256892	0.000423099	5.69E-05	0.000496034	0.012344819	0.012563823	4.40E-05	0	0.000498735	0	0	0	0	0	0	0.001313419	0	0	0	0	0	0	0	4.20E-06	0	0	0.002025355	0	0	0	0.002591922	0	0.007512341	0	0	0	0.004796161	0	0	0.030092185	0	0	0.000150071	0	9.78E-05	0	0	0	0	0	0	0.000210999	0	0.000377878	0	0.000230609	6.95E-05	0	0	0	0	0	0	7.64E-05	0.002981305	0	0	0	0	0	0	0	0.000469021	0
S1531	0	0	0	0	0	0.000124662	0	0	0.022445958	0.015244978	0	4.14E-05	0	0	0	0.008936642	0	5.40E-05	0	0	0	0	0	0.027577909	0	0	0.011358947	0	0.003724852	0	0.003249815	0.000895745	0.005810789	0.00016178	0	0	0	0.039062418	0	0	0	0	0	7.04E-05	0.042433594	0.064532579	0.033914359	0	0.01780365	0	0	0	0	0.011570051	0	0	0	0	0	0.03263002	0	0	0	0	0	0	0	0	0	0	0	0.022746307	0	0	0	0.033720462	0.003692736	0	0	0.009217782	0	0	0.01732071	0	0	0	0	0	0	0	0	0	0	0.000102951	0	0	0	0	0.000230915	0.001055825	0	0	0	0	0	0	0	0	0	0	0	0	0	0	0	0	6.14E-05	0	0	0	0.000599098	0.000646721	0.000867631	0.001981885	0.000123962	0.000458728	0.320508225	0	0	0.000455626	0	5.16E-05	0.000569783	0.00064402	0.000557977	0	0.003007295	0	0	0.000272235	0.000325562	0.023209738	0.000448823	0.00158999	0	0	0	0.001956973	0	0	0	0.005882224	0	0.028719276	0.000355177	0	0.002376581	0.000209004	0	0	6.24E-05	0	0	0.01011823	0.001255124	0	0	0.000435516	4.27E-05	0.000586291	0	0.05837872	0.000244822	0.000250024	7.55E-05	0.003403192	0	0.039393382	0.017730014	0	0	0.003249815	0	0	0	0	0	0	0.000607702	0	0	0	0	0	0	0	0.000191995	0	0	0	0	0	0	0.010213677	0.00066403	0	0	0	0.004314645	0	0	0	0	0	6.58E-05	0.0002012	0	0	0	0	0	0	0	0	0	0	0	0	0	0	0	0	0	0	0	0	0	0.010453897	0	0	0	0	0	0	0	0.012293311	0.000155978
S1708	0	0	1.58E-05	0.006687937	0.002263083	0	0.00039675	0	0.000288036	0	0	0	0	0	0	0.006664134	0	4.30E-06	0	0	0	0	0.000179022	0.003330917	0.000118715	0	0	0	0.007924491	0	0	0	0	0.382189712	0	0	5.49E-05	0.012865109	0	0	0	0	0.002287786	0.007861083	0.050340598	0.018078462	0.013901639	0	0	0	0	0.000302338	0.000135117	0.023389426	0	0	0	0	0	0.000245531	0	0	0	0.105020838	0	0	0.00487511	0.0359745	0	0	9.97E-05	0.001049931	0.000589874	0	2.51E-05	0.045210556	0.023109091	0	0	0.016391651	0.000994024	0	0.027165798	0	0	0	0.00016052	0	0	0	0.000140218	0	0	0	0	0	0	0	0	7.83E-05	0	0	0	0	0.000113414	0	0	0	0	0	0	0	0	0	0	0	0	0	0	0	0	0.00015952	0	0	0.000132417	0	0	0	0	0	0	0	0.000452457	0.000905313	8.65E-05	0	0.000857807	0.023348121	0	0.000231829	0.000325041	0.000873609	0.00168101	0.001009426	0	0	0	0.000901413	0.000217827	0.000293337	0	0.021868336	0.000420553	0.006829054	8.70E-06	6.40E-06	0.02118565	0	0	0	0	0	0	0.001463883	0	0	0.000185223	0.000124416	0	0	0	0.020089913	2.59E-05	0.000688986	0.000224828	0.004273435	0	0.001087236	0.000144218	2.13E-05	0	0	0	0	0	0.006561921	0	0	0.00207656	0.000886911	0	0	0	0	0	0	0.001287161	2.18E-05	0	0.000301038	0	0	0	0.001604601	0	0.000356845	0	0	0.002500513	0	0	0	0	0	0	0	0	0.00023613	0	0	0.000185423	0	0	0	0	0	0	0	8.18E-05	0	0	0	0	0	0	0	0	0.056737998	0	0	0	5.65E-05	0	0	0	0.016457559	0
S179	0	0	0	0.015467088	0	0	0	0	0.046206811	0.008836406	0	0	0	0	0	0.006015201	0	0	1.10E-05	1.71E-05	3.92E-05	0.000148216	0	0.047180872	0.012253276	0	0	0	0.287349464	0	0	0	0	0	0	0	0	0.038056441	0	0	0	0	0	0.004208089	0.047775837	0	0.017903291	0	0.051676885	0	0	0	0	0.016911016	0	0	0	0	0	0	0	0	0	0	0	0	0	0	0	0	0	0.026759913	0	0	0	0.08060179	0	0	0	0.005282228	0	0	0.023080037	0	0	0	0	0	0	0	0	0	0	0	0	0	0	0	0.000325454	0.000671925	0	0.000245192	0	0	0	0	0	0	0.002361846	0	0	0	0	0	0	0	0	0	0	0	0	0	0.001976044	0.000513902	0.000110286	0	0.049540716	0	0	0	0	0	0.00024249	0	0.00120314	0	4.56E-05	0	0	0.000354777	0.000604973	0.009291762	0.000293329	0.011985367	0	0	0	0.000719162	0	0	0	0.004735201	0	0.012138586	0.000133004	0.002389267	0.005365493	0	0	0	0	0	0	0.003471713	0.00325034	0	0	8.32E-05	0	0	0	0.061937904	0.000965455	0.000709454	2.06E-05	0.001954327	0	0.000852967	0.017086253	0.00042273	0	0.0088286	0	0	0	0	0	0	0.000320551	0	0	0	0	0	0	0	0	0	0	0.003210609	0	0	0	0.004386428	0	0.000401113	0.008434692	0	0	0	0	0	0	0	0	0	0	1.15E-05	0	0	0	0	0	0	0	0	0	0	0.012700125	0	0.000481476	0	0	0	0	0	0	0.000400613	0	0	0	0.000303737	0	0	0.000636998	0.028100861	0
S1914	0	0	0	0	0	0	0	0	0.0012553	0.010474399	0	0	0	0	0	0	0	0	0	0	0	0	0	0	0	0	0	0	0	0	0	0	0	0.105712389	0	0	0	0	0	0	0	0	0	0	0.39544106	0.143781586	0.131434887	0	0	0	0	0	0	0.020349198	0	0	0	0	0	0	0	0	0	0	0	0	0	0	0	0	0	0	0	0	0	0	0	0	0	0	0	0	0	0	0	0	0	0	0	0	0	0	0	0	0	0	0	0	0	0	0	0	0	0	0	0	0	0	0	0	0	0	0	0	0	0	0	0	0	0	0.0002655	0	0.024119698	0	0.0005922	0	0	0	0	0	0	0	0.0008079	0	0.0004784	0	0.0016211	0	0	0	0	0.0008291	0	0	0	0	0	0.0011442	0	0	0	0.022539798	0	0.0001904	0	0	0.0023505	0	0	0	0	0	0	0	0	0	0	0	0	0.0002269	0	0.058500794	0.016891598	0	0	0.020517098	0	0	0	0	0	0	0	0	0	0	0	0	0.0017117	0	0	0	0	0	0	0	0	0	0	0	0	0	0	0.0024701	0	0	0	0	0	0	0	0.0013776	0	0	0	0	0	0	0	0	0	0	0	0	0	0.0025842	0	0	0	0	0	0	0	0	0	0	0	0.017742198	0	0	0	0	0	0	0	0.014590199	0
S1922	0	0	0	0	0	0	0	0	0	0	0	0	0.000406	0	0	0	0	0	0	0	0.002043801	0.0014221	0.013483404	0.088383727	0.059502718	0	0.039386012	0	0.113348434	0	0	0	0	0	0	0.03416371	0	0	0	0	0	0	0.005290702	0.002620401	0.076797523	0	0.057883517	0	0.047154114	0	0	0	0	0	0.0009256	0	0	0	0	0	0	0	0.0007311	0	0	0	0	0	0	0	0	0	0	0	0	0	0	0	0	0	0	0.025943508	0	0	0	0.0004119	0	0	0	0	0	0	0	0	0	0	0	0	0.0001087	0.002051601	0	0.0004244	0	0	0	0	0	0	0	0	0	0	0	0	0	0	0.0006824	0	0	0	0	0.000107	0	0.004503401	0.0008658	0.0012739	0	0	0	0.0004871	0	0	0.013960704	0.0011735	0.005104402	0	0.007556902	0	0	0.002298301	0.012976504	0	0.0012456	0.015059105	0	0	0	0.013967504	0	0	0	0.0004192	0	0.0005352	0.006629602	0.0005782	0.013533204	0	0	0	0	0	7.60E-06	0.004686401	0.003474001	0.004016801	0	0.000367	0	0	0	0.044942013	0.004663401	0.0015555	0.001840401	0.144343743	0	0.014508904	0	0.0003098	0	0.003364701	0	0	0	0	0	0	0.006082602	0	0	0	0.0014905	0	0.0002714	0	0	0.0005526	0	0.003788801	0	0	0	0.021022206	0	0	0.005156202	0	0	0	0	0	0	0	0	0	0	6.01E-05	0	0	0	0	0	0	0	0	0	0	0	0	0	0	0	0	0	0	0	0.057500917	0	0	0	0.0002107	0.0002739	0	0	0	0
S1969	0.136623527	0	0	0.009593202	0	0.0015812	0.0010316	0	0.0019005	0	0	0	0	0	0	0.008346002	0	0	0.0017294	0.0004712	0.0004245	0.0017171	0.0012988	0.059618512	0	0	0	0	0.056635811	0	0.004287701	0.004504501	0	0.260826152	0.016145203	0.029727206	4.52E-05	0.0002291	0	0	0	0	0.011509602	0.0012836	0.047376609	0.0016664	0.003172301	0	0.004219301	0	0	0	0	0.008364302	2.90E-05	0	0.0004363	0	0.003144901	0.003554101	0	0	0.0004175	0.030429606	0	0	0	0	0	0.037837508	0	0.005513201	0	0	0	0.005721401	0.002545401	0	0.0009423	0.016140303	0	0.011779902	0.0019146	0	0	0	0	0	0	0	0	0	0	0	0	0	0	0	0	0.0002466	0	0.0003634	0	0	0	0	0	0	1.73E-05	0	0	0	0.0013438	0.10222812	0	0	0	0	0	0	0.0008314	0	0	0.0011309	0.0003045	0	0.0009717	0	0	0	0	0.0002059	0.0009665	0	0.0009813	0	0.003332601	0.009279302	0	7.51E-05	0.0002791	0	0.0005718	8.64E-05	0	0	0	0.0005446	0	0	0	0.004518401	0	0	0.0019605	0	0.0010196	5.12E-05	0	0	0	0	0.0001127	0.003290501	0	0	0	0	0	0	0	0.015316503	0.0009497	0.0008868	0.0016676	0.0005567	0	0	0.006313501	0	0.0008662	0.0007358	0	0	0.004386101	0	0	0.0011189	0.006544501	0	0.0010837	0	0	0	0	0	0	0	0	0.0016261	0	0	0.0006879	0.0014974	0	0.0024667	0	0	0.002581501	0	0	0	0	0	0	0	0	0	0	3.54E-05	0	0	0	0	0	4.89E-05	0	0	0	0	0	0	0	0	0	0	0	0.005297101	0	0	0	0	0	0	0	0.015885203	0
S1972	0.001526	0	0	0.0002021	0	0	0.0005569	0	0.0001421	0	0	0	0	0	0	0.0022827	0	0	0	0	0	0	0.0001039	0.0107488	0	0	0	0	0.0010031	0	0	0	0	7.64E-05	0	0.0024594	0	0.0024581	0.0076031	0	0	0	0.0017258	0.0019706	0.0073585	0.0245136	0.0007329	0	0.0003099	0	0	0	0.0003351	0.002178	0	0	0	0	0	0	0	0	0	0.8067303	0	0	0	0	0.0006419	0	0	0	0.0001287	0	0	0.004318	0.0003265	0	0	0.0010143	0	0	0.0070688	0	0	0	0	0	0	0	0	0	0	0	0	0	0	0	0.000182	0.0001287	0	8.41E-05	0	0	0	0	0	0	0	0	0	0	0	0.0016201	0	0	0	0	0	0	0	0	0	0.0019213	0	0	0.0006945	0	0	0	0	0.002305	0.0006619	0	0.0001898	0	0.0020147	0	0	0	0.0006967	0.0083558	0	0.0012364	0	0	0	0.0003778	0	0	0	0.0172074	0.0002794	0.0161119	0.0029595	0.0001853	0.0152295	5.81E-05	0	0	0	0	0	0.0021057	0.0001293	0	0	0.0001917	0	0	0	0.0222487	0	0.0001904	0	0	0	0	0.0053281	0.0014871	0	0.0025715	0	0	0	0	0	0	0	0	0	0	0	0	0	0	4.50E-06	0	0	0	0	0	0	7.10E-06	0	0	0	0	0	0	0	0	0	0	0	0	0	0	0	0	0	0	0	0	0	0	0	0	0	0	0	0	0	0	0	0	0	0.004645	0	0	0	7.55E-05	0	0	0	0	0
S201	0	0	0	0	0	0	0	0	0.000735832	0.003100457	0	0	0.000135624	0	0	0.00239273	0	0	8.00E-05	7.20E-06	0.000690824	0.000292553	0	0.038021132	0	0	0	0	0.011217216	0	0	0	0	0.006588884	0	0	0	0.003827788	0.079712024	0	0	0	0.088233956	0.002444239	0.070806924	0.27195557	0.017500645	0	0.024287664	0	0.000394671	1.48E-05	0	0.009446197	0	0	0	0	0	0	0	0	0	0	0	0	0	0	0	0	0	0.003195774	0	0	0	0.05809484	0	0	0	0.016037782	0	0.01190954	0	0	0	0	0.000131924	0	0	0	0	0	0	0	0	0	0	0	0.002730691	0.000847052	0	0	0	0	0	0	0	0	0.002675181	0	0	0	0	0.072322896	0	0	0	0	0	0	0	0	0	0.009922883	0.000356064	0	0.026760709	0	0	0.00317387	0.000364165	0	0.002025864	0	0.001442459	0	0.000771439	0	0	0	0.000365166	0	0.000481587	0.001030685	0	0	0	0.000684523	0	0	0	0.045874444	0	0.006157406	0.001990958	0	0	0	0.000697825	5.45E-05	0	0	0	0.007963731	0	0	0	0.000462883	0	0	0	0.033655148	0.000315257	0.000183733	0.000189634	0.000159329	0	0	0.00884869	0.000158929	0	0.00378528	0	0	0	0	0	0	0.003741372	0	0	0	0	0	0	0	0	0	0	0	0	0	0	0.012420332	0	0	0	0	0	0	0	0	0.011950447	0	0.000358664	0.000776039	0.000186434	9.49E-05	0	0	0	0	0	0	0	0	0	0	0.006030684	0	0	0	0	0	0	0	0	0.000285051	0	0	0	0.000107819	0.00044618	0	0.000209538	0.005614409	0
S2146	0	0	0	0	0	0	0	0	0	0	0	0	0	0	0	0.0002658	0	0	0	0	2.35E-05	0	2.12E-05	0.026522103	0	0	0	0	0	0	0	0	0.008655101	0	0	0	0	0.039107904	0	0	0	0	0.408115941	0	0.091300509	0.20219262	0.0016449	0	0.019651702	0	2.03E-05	0	0	0	0	0	0	0	0	0	0	0	0.0001383	0	0	0	0	0	0	0	0	0.0001255	0	0	0	0	0.0010861	0	0	0.006435601	0	0	0.011625101	0	0	0	0	0	0	0	0	0	0	0	0	0	0	0	8.00E-05	0.0001491	0	0	0	0	0	0	0	0	0	0	0	0	0	0	0	0	0.0013131	0	0	0	3.39E-05	0.0003885	0.0004907	0	0.0004759	0	0	0	0	0	0	0.0023728	0.0003466	0.0009082	0.0007491	0.0008956	0.006388201	0	0	0.0001537	0.0001825	0	0.000582	0.0022749	0	0.0002018	0.0002157	0.0007489	0	0.0001311	0	0	0	0.007490101	0.0009863	0	0.007827701	0	0	0	0	0	0	0.0006748	0.0004824	9.22E-05	0	0.0002869	0.0001028	9.92E-05	0	0.031209703	0.0039661	0.0002609	0.0023139	0.020472202	0	0.030370503	0.049493305	4.40E-05	0	0.0004591	0	0	0	0	0	0	0.0043913	0	0	0	0	0	0	0	0.0002361	0.00075	0.000259	0	0	0	0	0.0016293	0	0	0	0	0	0	0	0	0	0	0	0	0	5.15E-05	0	0	0	0	0	0	0	0	0	0	0	0	0	0	0	0	0	0	0	0	0	0	0	0	0	0	0	0	0
S2148	0	0	0	0.004697	0.0005182	0.0023138	0.0007555	0	0.0005005	0	0	0	0	0	0.003012	0.020647198	0	6.48E-05	0	0	0	0	0	0.019503498	0.0001724	0	0.005666099	0	0.038027596	0.0001151	0	0	0.0042392	0.003176	0.007316799	0.008493599	6.00E-06	0.000913	0	0	0	0	0	0.005121299	0.023812598	0.0015039	0.0048537	0	0.079265592	0	0.0001614	0.0008801	0.0008672	0.0042153	0	0	0	0	0	0.0020824	0	0	0	0.357975464	0	0	0	0	0	0	0	0.0005199	0.0003882	0	0	0.031897897	0.009404499	0	0	0.009220299	0	0.0013796	0.0041498	0	0	0	0	0	0	0	0	0	0.000411	0	0	0	0	0	0.000288	0.0005303	0	0.0001842	0	0	0	0	0	0	0	0	0	0	0	0	0	0	0	0	0	0	0	0	0	0.0019641	1.98E-05	0	0.049332395	0.010033699	0	0	0	0	0	0.006716299	2.73E-05	3.36E-05	0.001029	0	0	8.18E-05	0.0005621	0.0007851	0.0008305	0.0038796	0	0	0	0.0005707	0	0	0	0.028142097	0.0016756	0.0036754	0.0022838	0	0.055996194	0	0	0	0	0	0	0.0014816	0.0004623	0	0	0.0022424	0.0003875	0	0	0.024445798	0	0.008279299	0.000638	0.0005634	0	0.001278	0.023305998	6.07E-05	0	0	0	0.000349	0	0.0003504	0	0	0.0013036	0	0	0	0	0	0	0	6.15E-05	0	0	0	0	0.0018453	0	0.0033524	0	0.0001616	0	0	0	0	0.000164	0	0.082728792	0	0	0	0	0	0	0	0	0	0	0	0	0	0	8.68E-05	0.0002897	0	0	0	0	0	0	0	0	0.014239499	0	0	0	0.0012747	0.0035183	0	0	0.0002307	0
S2216	0	0	0.0001424	0	0	0	0	0	0	0	0	0	9.70E-05	0	0	0	0	0	0	0	0.0006303	0.0008225	0	0.1821447	0.0222388	0	0	0	0.0673169	0	0	0	0	0.0611914	0	0	0.0006685	0.0207457	0	0	0	0	0.1045776	0.0182372	0.1293783	0.0308513	0.0018162	0.0001643	0	0	0	0	0.001414	0.011561	0.0002067	0	0.0003724	0	0	0	0	0	0.002998	0	0	4.90E-05	0	0	0	0	0.0005338	0.0015678	0.0001245	0.2013663	0	0	0.0014103	0	0	0.0197636	0	0.0024869	0	0	0	0	0	0	0	0	0	0	0	0	0	0	0	0	0.0002011	0.0002595	0	0	0	0	0	0	0	0	0	0	1.29E-05	0	0	0	0	0	0.0019094	0	0	0.0114674	0	5.22E-05	0	0.000132	0.0001109	5.62E-05	3.27E-05	0	0	0.0014158	0	1.98E-05	0.0003018	0.0001462	0.0009329	0.0003769	0.0007683	0	0	0.0001328	0.0003134	0	0.000249	0.0006614	0	2.43E-05	9.73E-05	0.0009568	0.0003679	0.0001446	0.0006895	0.000717	0	0	6.86E-05	0	0	0	0	0	0	0	0	0.0001628	0.0001846	0.000115	0	0	0	5.21E-05	0	0.0095384	0.0011349	0.0016766	0	0	0	0.008722	0.0084639	0.0005513	0	0.006576	0	0	2.00E-05	0	0	0	0.0290531	0	0	0.0001106	3.41E-05	0	2.62E-05	0	0	0.0002668	0	3.20E-06	8.95E-05	0	0	0.0060582	0	0.00037	0	0	0	0	0	0	0	0	0	0	0	0	0	0	6.13E-05	0	0	0	0	0	0	0	6.12E-05	0	0	0	0	0	0	0	0	0.0190904	0	0	0	0	0	0	0	0	0
S2221	0	0	0	0	0	0	0.0013815	0	0.007787398	0	0	0	0.0005301	0	0	0.021122096	0	6.13E-05	0.0007104	0.0006685	0.0001955	0.0010495	0	0	0.010300698	0	0	0	0.158021668	0	0.006450999	0.0002057	0	0.036736293	0.023749595	0	0.0019603	0	0	0	0	0	4.08E-05	0.008471198	0.136773773	1.80E-05	0.0006033	0	0	0.0015407	0	0.0010469	0.0001582	0.008189898	0	0	0	0	0	0	0	0	0.0002798	0	0	0	0	0	0	0	0	0.011538398	0.0009498	0.29941394	0	0.0001133	0	0	0	0.006633399	0	0.005715099	0	0	0	0	0.0002201	0	0	0	0	0	0	0	0	0	0	0	0.0004025	0.002931599	0	0	0	0	0	0	0	0	0	0	0	0	0	0	0	0	0.0004218	0	0	0	0	1.45E-05	0	0.005903999	0.003036899	0.0002829	0	0	0	0	0	1.77E-05	0.003746099	0.0006997	0.005222699	0.0004646	0.0001954	0	0	0	0.0009991	0	0.0010214	1.81E-05	0.0002321	0.0001595	0	0.003030399	3.99E-05	0	0	0.012265898	0	0.003233999	0.0003548	0.003698599	0.003582399	0	0	0	0	0.0005318	0.0003437	0.0001344	0.0005553	0.0007108	0	0	0.0001537	4.72E-05	0.006222399	0.022621095	0.0011632	0.0002628	5.66E-05	0.0001994	0	0.04812569	0.042951391	0.000106	0	0.0024214	0	0	0	0	0	0	0.021253396	0	0	0	0	0	3.30E-05	0	0	0.0001269	0	0	0	0	0	0.004608899	0	0	0.004179599	0	0	0	0	0	0	0	0	0	0	0.0001001	0	1.66E-05	0	0	0	0	0	0	0	0	0	0.0003212	0	0	0	0	0	0	0	0.005763299	0	0	0	0.0002682	0	0.0006383	0	0.031360394	0
S2269	0	0	0	0.0005155	0	0	8.06E-05	0	0.002038699	0	0	0.0007816	0	0	0	0.001792499	0	0	8.70E-06	5.30E-05	0	2.85E-05	0	0.128671749	0.002603699	0	0	0	0	0	0	0	0	0.0003006	0	0.051261679	0.0003825	0.003422099	0	0	0	0	0	0.020158292	0.069724872	0.281315887	0	0	0	0	0	0.0001508	0.002325099	0.011766995	0	0	0	0	0	0	0	0	0	0	0	0	0	0	0	0	0	0.034209786	0.0004051	0	0	0.104814258	3.29E-05	0	0	0.0005563	0	0	0.010935996	0	0	0	0	0	0	0	0	0	0	0	0	0	0	0	0.0010144	0.001715299	0	0.0001864	0	0	0	0	0	0	0.0004215	0	0	0	0	0	0	0	0	0	0	0	0.0005175	7.08E-05	0.002237399	0.007050597	0.0002151	0	0.004900198	0	0	0.0003027	0.0004504	8.37E-05	0.0011187	0.0011547	0.0001763	0	0.000978	0	0	0	0.000339	0	0	0.0009204	0	0	0	0.001377799	0	0	0	0.004968998	0.000175	0.001773199	0.009120296	0.0008603	0.058717877	0	0	0	0	0	0	0.012358095	0	0	0	3.18E-05	0	0	0	0.037262285	0.001699399	0.0006782	0	0.051804079	0	0	0	4.78E-05	0.0012046	0.003248899	0	0	0	0	0	0	0.006408097	0	0	0.0004943	0	0	0	0	0	0.0007863	0.0003923	0.0008831	0	0	0	0.001392399	0	0	0.0005359	0	0	0	0	0	0.013487895	0	0.0001238	0.0001416	3.00E-05	0.002326499	0	0	0	0	0	0	0	0.0003482	0	0.0004719	0	0	0	0	0	0	0	0	0.007488597	0.0012226	0	0.000252	0	0.001497699	0.0003086	0	0.0001664	0.023680391	0
S2270	0	0	0	0.0079388	0	0	0	0	0.0026311	0	0	0	0.0003897	0	0	0.0441227	1.31E-05	0.0004343	0	0	0	0.0007804	0.0024437	0.0007475	0	0	0.0413962	0	0.0019461	0	0	0	0	0	0.0007831	0.0289163	0	0.01085	0	0	0	0	0	0.0027864	0.0195131	0.0129447	0.0089699	0	0.0176564	0	0	0.0002589	3.06E-05	0.0241288	0	0.0001227	0	0	0.0003667	0.0016135	0	0	0	0.5542447	0	0	0	0	0	0	0	0	4.89E-05	0	0	0.0016586	0.0029861	0	0	0.0007859	0	0	0.0025134	0	0	0	0	0	0	0	0	0.0001583	0	0	0	0	0	0	0.0006029	0.0160233	0	0.0049717	0.0001199	0	0	0	0	0	0	0	0	0	0	0.0105973	0	0	0	0	0	0	0.0003763	0	0	0.0071084	3.70E-05	0	0.0379337	0	0	0	0	0	0.0045308	0.0003054	9.63E-05	0	0.0075662	0.0030452	0.0008418	0	0.0024094	0	0.0018968	0.0015901	0	0	0	0.0001325	0	0	0	0.0017979	0.0003612	0	0.0003311	0	0.0318602	0	0	0	0.0001678	0	0	0.0065741	9.24E-05	0	0	0	0	0	0	0.0176952	0.0003852	0.0036512	0	0.0001739	0	6.52E-05	0.0095731	0	0	0.0001097	0	0	0.0078414	0	0	0	0.0027372	0	0	0	0	0	0	0	0	0.000296	0.006295	0.0007083	0	0	0	0.0006056	0	0	0	0	0	0	0	0	0	0	0.0029087	0.0031089	0.0016905	0.0015106	0.0004329	0	0	0	0	0	0	0.0004751	0	0	0	0	0	0	0	0	0	0	0	0.0015061	0	0	0	0.0025332	0.0001027	0	0	0	0
S2289	0	0	0	0	0	0	0	0	0.033719383	0.023102488	0	0	0	0	0	0.013973893	1.08E-05	8.93E-05	0.0007543	0.0007862	0.0009655	0.0007334	0	0	0	0	0	0	0	0	0	0	0	0.032425484	0	0	0.000149	0	0	0	0.0004475	0	0.002443099	0.007794896	0.043061178	0.01969359	0.008809896	0	0.010389495	7.20E-06	0	0	0	0.011221294	0.0002471	0	0	0	0	0	8.49E-05	0	0.0002452	0	0	0	0	0	0	0	0.0004782	0.003590498	0	0.017070191	8.14E-05	0	0	0	0	0.005278997	0.004513698	0.003267098	0	0	0	0	0	0	0	0	0	0	0	0	0	0	0	0	0.0003306	0.0005022	0	9.78E-05	0	0.0001373	0.0001485	0	0	0	0	0	0	0	0	0	7.82E-05	0	0.0002185	0.0002249	0	0	0	0	0	0.002264199	0.002487599	0	0	0.01999359	0	0	0	0.0007976	0.014149093	0.001776599	0.002091599	1.38E-05	0.004351998	0	0	0.002920899	0.007843196	0	0.0003345	0.008775996	0	0.0002832	0.0002362	0.017229391	0.0006189	0	0.0003678	0.033653283	0	0	0.0008815	0.0006641	0.006665897	0	8.64E-05	0	1.08E-05	0.0002287	1.88E-05	0.000245	0.015643492	0	1.51E-05	0.0002523	0.0007456	0.0009722	0	0.024156688	0.0009696	5.20E-06	0.001031999	0	0	0.005368797	0.428891486	4.01E-05	0	0.009471795	0	0	0	0	0	0	0.022088789	0	0	3.62E-05	0.001490699	0.002091199	0	0	0	0.0001569	0	0.003068898	0	0	0	0.009504595	0	0	0	0	0	0	0	0.013486093	0	0	0	0	2.57E-05	0.0002237	0	6.10E-06	1.16E-05	0	0.0002363	8.04E-05	0	0	0	0	0	0	0	0	0	0	0	0	0	0.004614998	0	0	0	0	0	0	0	0.078765461	1.12E-05
S2345	0	0	0	0	0	0	0	0	3.35E-05	0.0009963	0	0	0	0	0	0.0006705	0	0	0	0	3.72E-05	0	0	0.021694296	0	0	0	0	0.0001667	0	0.011990398	0	0	0	0	0.017307897	5.30E-05	0.042006992	0.132294974	0	0	0	0.19838576	0	0.015464097	0.032939393	0.018001496	0	0.004890899	0.0018346	0	0.0001327	5.07E-05	0.004299399	0	0	0	0	0	0.0022488	0	0	0	0.333527933	0	0	0	0	0	0	0	0.000481	0.0001632	0	0	0.085751483	0.002878899	0	0	0.0007985	0	0	0.020367096	0	0	0	0	0	0	0	0	0	0	0	0	0	0	0	0.0002279	2.60E-05	0	0	0	0	0	0	0	0	0	0	0.0004315	0	0	0	0	0	0	0	0	0	0.0004134	0	0	0.0021067	0.0002319	0	0	0	0	0	9.40E-06	0.0001201	0.0002396	0	0.0019394	0	0.000451	0	0	3.17E-05	0.0005851	0	0.0002246	0.0013712	0	0	0	0.0002255	0	0	0	0.0006173	1.77E-05	0.0002134	0.00036	0.0003709	0.008346398	0	0	0	0	0	0	0.0018381	0.0002135	0	0	0	0	0	0.005012299	0.017557496	0.0010483	0.0010835	0	0	0	0	8.80E-06	0	0	0	0	0	0	0	0	0	0.0008118	0	0	0	0	0	0	0	0	0	0	2.10E-05	0	0	0	0.003046699	0	0	0	0	0.0008479	0	0	0	0	0	0	0	0	0	0	0	0	0	0	0	0	0	0	0	0.000363	0	0	0	0	0	0	0	0	0	0	0	0	0	0	0	4.97E-05	0	0
S2429	0	0	0	0	0	0.005186701	0	0	0.012338501	0.010473001	0	0.0001137	0.0001589	0	0	0.007683401	0	1.02E-05	2.39E-05	0	4.40E-05	0.0001984	0	0	0.0008042	0.007134901	0	0	0	0	0	0	0.022699702	0.117469412	0.0001446	0.011513901	0	0.019958802	0	0	3.50E-06	0	0.045598505	0.005651801	0.153704715	0.191377319	0.036014704	0	0.040736304	0.0004019	0	6.00E-06	1.96E-05	0.008642201	0.0001942	0	0	0	0	0	0.002068	0	0.0018146	8.93E-05	0	0	0	0	0	0	0	0.0044031	0.0002211	0	0	0.055395606	0.0028976	0	0	0.012490601	0	0	0.023818102	0	0	0	0	0	0	0	0	0	0	0	0	0	0	0	0.0011989	0.005385801	0.0001288	0	0	0	1.02E-05	0	0	0	0.0004334	0	0	0	0	0	0	0	0.0003482	0	0	0	5.70E-05	8.26E-05	0.010664301	0.006638201	0.0004421	0	0.005001501	0	0	0	0.0029895	0.0006067	0.0015213	0	0.0019216	0	0	0.0024387	0	0	0.0004927	0	4.46E-05	0.0028437	0	0	8.78E-05	0.0010716	0	0	0	0.012595301	0	0.0004246	0.0030979	9.60E-06	0.0037722	0	5.12E-05	4.28E-05	0	0	0	0.0021183	0.0013501	0	0	8.40E-06	0.0001372	0	0	0.021089002	0.0021921	0.000246	0.000264	0.015966702	0	9.00E-05	0	0	0	0.001585	0	0	0	0	0	0	0.010130501	0	0	0.0002287	0	0	0	0	0	0.0004979	0.0001994	0	0	0	0	0.002401	0	0	0	0.0026531	0	0	0	0	0	0	0	0	0	0	0	0	8.61E-05	0	0	0	0	0	0	0	0	0	0	0	0	0	0	0	0	0.072074007	0	0	0	0.000502	0	0	0	0.0001102	0
S2452	0	0	0	0.002948899	0	0	0	0	0.006525399	0	0	0	0.000105	0	0	0.0016884	0.0001374	0	1.12E-05	0	0	0.0005454	0	0	0	0	0	0	0	0	0	0	0	0.017843496	0	0.006449099	0.0011052	0	0	0	0.000791	0	0.195551961	0.004723799	0.086633883	0.124808575	0.007802398	0	0	0.002615499	2.93E-05	0	0.0007807	0.016072997	1.47E-05	0	0	0	0	0.006960799	0	0	7.24E-05	0	0	0	0	0	0	0	0.0001028	0.0006905	0	0.005261399	0.0011154	0.104279179	0.0001163	0	0.006939599	0.0008759	0	0	0.010999898	0	0	0	0	0	0	0	0	0.000169	0	0	0	0	0	0	0.0004248	0.0006118	0	0	0	0	0	0	0	0	0.0002918	0.002924899	0.0004401	0	0	0	0	0	0	0	0	0	4.20E-05	1.16E-05	0	0.0019036	0.0001142	0	0	0.009457698	0	0.0001214	0.0003286	5.94E-05	0.0001583	0.0001487	1.30E-05	0	7.62E-05	0.0004048	0	0	0.0001287	0.0004633	8.35E-05	0.0001946	0	0	0	0.000732	0	0	3.65E-05	0.0007456	0.000388	0.006930799	0.127607774	0.0014617	0.0012816	0.002643999	0.0005355	3.34E-05	0	0	0	0.007800098	0.0020023	0.000454	0	0.0002488	0	0	0	0.009008398	0.0007052	0.001221	0.0001101	0.137314973	0	0	0.015073997	2.14E-05	0	0.0001582	0	0	0	0	0	0	0.006568299	0	0	0.0002604	0	0	0	0	4.20E-05	0	0	0.002889399	0	0	0.0001574	0.0012459	0	0	0.00026	0	0	0	4.39E-05	0	0.012556597	0	0	9.68E-05	0.0001034	0.0001819	0	0	0	0	0	0	0	0	0	0	0.0001218	0	5.76E-05	0	0	0	0	0	0	0.021049696	0	0	0	0.0001415	0	0	0.0008546	0.003682999	0
S2468	0	0	0	0	0	0	0	0	0.0041158	0.0001752	0	0	0	0	0	0	0	0	8.60E-06	2.22E-05	0.0006137	0.0002164	0	0.065513207	0.013545401	0	0	0	0	0	0	0	0.021630902	0	0	0	0	0.007216201	0	0	0	0	0.040171104	0.009613601	0.258581326	0.287736629	0	0	0.056055306	0	0	0	0	0.028297403	5.40E-06	0	0	0	0	0.0015629	0	0	0.0003467	0	0	0	0	0	0	0	0	0	0	0	0	0.069561607	0.0011076	0	0	0.013556901	0	0	0	0	0	0	0	0	0	0	0	1.38E-05	0	0	0	0	0	0	0	0.0002057	0	0.0007814	0	0	0	0	0	0	0	0	0	0	0	0	0	0	0	0	0	0	7.10E-06	0.0002172	0.024562902	0.0008177	0.0002117	9.30E-06	0.014915501	0	0	0	0	0	0.0008466	0.0004713	0.0035574	0	0.0034892	0	0	0	0	0	7.92E-05	0.000454	0	0.0002798	0	0.0004617	5.20E-06	0	0	0.006031401	0.0002468	0	0.0047909	3.44E-05	0	0	0	0	0	0	5.10E-05	0.0023546	3.80E-06	0	0	4.05E-05	0	0.0001001	0	0.007127301	0.005722501	0.001296	0	0.029108803	0	0	0.0036561	0	0	0	0	0	0	0	0	0	0.0017056	0	0	7.15E-05	0	0	0	0	0	0	0	0	0	0	0	0.0008087	0	0	0	0	0	0	0	0	0	0	0	0	0	0	0	0	0	0	0	0	0	0	0	0	0	0	0	0	0	0	0	0	0	0.005809201	0	0	0	0	0	0	0	0	0
S2527	0	0	0	0	0	0	0	0	0.007957395	0.008461797	0	0	0	0	0	0	0	0	0	0	0	5.29E-05	0	0.010690844	0	0	0	0	0	0.117089076	0	0	0	0	0.000375475	0.014786765	0.000225045	0.003529408	0	0	0	0.011834873	0.06907885	0.004373677	0.124682699	0.147586691	0.003896081	0	0.012096025	7.38E-05	0	0.000382577	0	0.003270356	0	0	0	0	0	0.009805566	0	0	0	0	0	0	0	0	0	0	0	0	0.000439288	0	0	0.075054648	0.004177438	0	0	0.007378279	0	0	0.01182027	0	0	0	0	0	0	0	0	0	0	0	0	0	0	0	0	0	0	0.000508402	0	0	0.00020024	0	0	0	0	0	0.000536408	0	0	0	0.000499	0	0	0	0	0	0.001709843	0	0	0.009689343	0.000158832	0	0	0	0	0.001008402	0.007574119	0.000692639	0.003334869	0.000718344	0.000202441	0	0.001819065	0	0	0	0.007238451	0	0.000109022	0.00204721	0	0	0	0.005955094	0	0	0	0.030727961	0	0.00707992	0.001565214	0	0.014552218	0	0	0	0.000225145	0	0	0.013306468	0	0	0	0	0	0.000226545	0	0.040195859	0.004131828	0.000635727	0.000294659	0	0	0.036099338	0.074239485	0	0	0.000577616	0	0	0.01570925	0	0	0	0.002771356	0	0	0	0	0	0	0	0	0.00025085	0	0	0	0	0	0.005822867	0	0	0.015814371	0	0	0	0	0	0	0	0.000484397	0	0	0.000542209	0	0	0	0	0	0	0	0.000259152	0	0	0	0	0	0	0	0.000128326	0	0	0	0.000790458	0	0	0	0	0	0	0	0.04044721	0
S2593	0	0	0	0	0	0	0	0	0.10421351	0	0	0	0	0	0.0021287	0	0	0	0	0	0	0.0002298	0	0.014479601	9.98E-05	0	0.060151306	0.018106802	0	0	0	0	0.0009625	0	0	0	0	0.009938401	0	0	0	0	0.110538811	0	0.013808201	0.025373703	0	0	0.015038802	0	0	0	0	0.008985201	0	0	0	0	0	0.024062502	0	0	0	0	0	0	0	0	0	0	0	0	0	0	0	0.0002493	0.000943	0	0	0.0004174	0	0	0.0019715	0	0	0	0	0	0	0	0	0	0	0	0	0	0	0	0	0	0	0	0	0	0	0	0	0	0	0	0	0	0	0	0	0	0	0	0	0	0	0	0	0	0	0	0.155436116	0	0	0	0	0	0.0032174	1.78E-05	0.005426801	0	0.0004233	0	0	0	0.0022772	0	0	0.0003575	0	0	0	0.006284201	0	0	0	0.091741009	0	0	0.013311501	0.016747702	0.0016265	0	0	0	0	0	0	0	0.000339	0	0	0.0004354	0	0	0	0.064037706	0	0.0005985	0.0026467	0.0020374	0	0.044058804	0.129111513	0	0	0	0	0	0	0	0	0	0.019221002	0	0	0	0	0	0	0	0.0009794	0	0	0	0	0	0	0.0026273	0	0	5.81E-05	0	0	0	0	0	0	0.0028181	0	0	0	0	0	0	0	0	0	0	0	0.0003451	0	0	0.0001482	0	0	0	0	0	0	0	0	0.009055201	0	0	0	0	0	0	0.012916701	0	0
S2600	0	0	0	0.068168186	0	0.09924308	0.009841698	0.0001579	0.131284674	0.001547	0	0	0	0	0	0.013674097	0	0	0	0	0	0	0.005098299	0.005522199	0	0	0	0	0	0	0	0	0	0	0	0	0	0	0	0	0	0	0.040694392	0.002719699	0.006103999	0.078854284	0.0022933	0	0.030683894	0	0	0	0	0.007469799	0	0	0	0	0	0	0	0	0	0	0	0	0	0	0	0	0	0.0002312	0	0	0	0.04808399	0.0014975	0	0	0.001186	0	0	0	0	0	0	0	0	0	0	0	0	0	0	0	0	0	0	0	0	0	0	0	0	0	0	0	0	0	0	0	0	0	0	0	0	0	0	0	0	0	0	0.0002278	0.0019831	0	0	0	0	0	0.0002368	0	0	0	0	0.0004736	0	0	0	0	0	0.002936799	0	0	0	0	0	0	0.006148499	0	0	0	0.045470891	0.0006676	0.021523196	0	0	0.038266992	0	0	0	0	0	0	0.038629092	0.003726999	0	0	5.61E-05	0	0	0	0.117492577	0.0013099	0	0	0	0	0.063829387	0.038194092	0	0	0	0	0	0	0	0	0	0.008070798	0.0003041	0	0	0	0	0	0	0	0	0	0.004678299	0	0	0	0.0006239	0	0	0	0	0	0	0	0.013928597	0	0	0	0	0	0	0	0	0	0	0	0	0	0.0005035	0	0	0	0	0	0	0	0	0	0	0	0.029761294	0	0	0	0	0	0	0	0.006600899	0
S2601	0.32811494	0.000204536	0	0.001674797	0	0	0.00151997	0	0.006173496	0	0.001103396	0.000118521	0	0.000183333	0	0.068038177	7.36E-05	0.000375367	0.000230241	0.00011012	0.000156928	0.001107297	0.005718615	0.004285761	0.001265425	0	0	0	0.004040617	0	0.007836191	0	0	0.141618537	0	0	0	0.000515792	0	0	0	0	0	0.013047116	0.007421017	0.015320719	0	0	0.000714327	6.12E-05	0	0	0.001061388	0.005874243	0	0	0	0	0	0	0	0	0	0.058529889	0	0	0	0	0	0	0	2.39E-05	0	0	0	0.00028005	2.29E-05	0	0	0.001029483	0	0	0.005615197	0	0	0	0.00028305	0	0	0.000100818	0	0	0	0	0.003264379	0.007509633	0.001437755	0.000179232	0	0.000816745	0	0.001179709	0	4.14E-05	0.000988375	0	0	0.000185633	0.000107119	0	0	0	0	0.001096695	0	0	0.003466515	0	0.000145526	0	0	0	0	0.001986053	0.001021181	0.000211538	0	0.057926182	0	0	0.001076691	0	0.001150104	0.000467483	0.002517847	0.000875255	0.009507188	0	0	0	0.002229696	0.001145903	0.001731007	0.009284348	0	0	0.000189834	0.001233419	0	0	0	0.004274759	0	0.006623176	0.001502367	0.000216538	0.004237752	0	0	0	0.000197235	0	0	0.000606908	7.72E-05	0.002892013	0	0	0	0	0	0.013508798	0.000334459	0.002437633	0.000455281	0.002517947	0	0.00214358	0.007965414	0.003238875	0.000586604	0.004303564	0	0	0	0.002733385	0	0	0.022945873	0	0	0	0	5.15E-05	0	0	0.001483263	0	0.000523693	0.000334459	0	0	0	0.000247844	0	0.00067532	0	0	0.00259286	0	0	0	0	0	0	0	0	0	0	0	0	0	0	0	0	0	0	0.001150304	0	0	0	0	0	0	0	0	0	0.029622358	0	0	0	0.000194334	0.000304454	0	0	0.081995654	0
S2608	0	0	0	0	0	0.0005969	0	0	0.0024771	0.0008515	0	0.0004681	0	0	0	0.0004744	0.0002526	0	0	0	0	3.90E-05	0	0.0114471	0	0	0	0	0	0	0	0	0	0.0641309	0.0457316	0.0013674	0.0014387	0.0010782	0	0	0	0	0.2422729	0.0231345	0.0791148	0.1653127	0.0318339	0	0.0034091	0.0002049	0	0	0	0.0068846	0	0	0	0	0	0	0	0.0002836	0	0	0	0	0	0	0	0	0	1.81E-05	0	0	0.0002085	0.0057741	0.0010559	0	0	0.0167646	0	0.0020064	0	0	0	0	0	0	0	0	0	0	0	0	0	0.0002683	0	0	0.0035485	0.0043476	0	0	0	0	0	0	0	0	0	0	0	0	0	0.0174448	7.73E-05	0	0.0005407	0	0	0	0.0010029	0	0	0.0048727	0	0	0	0	0	2.52E-05	0	0.0001312	0.0006332	0.0004195	0.0004077	0.0018689	0.0009227	0	0	0	0.0010951	0.0001494	6.70E-05	4.81E-05	0	0.0016594	0.0006954	0.0001754	0.0007921	0	0.0002075	0	0	0.0002269	0	0	0.0052672	0	0	0	0	0	0	0.0010614	0	0.0010221	0	0.0013929	0	0	0	0.1069664	0.0004181	0.00112	0	0.0126121	0	0.0009019	0	0.0010352	0	0	0	0	0	0	0	0	0.0009404	0	0	2.71E-05	0	0	0.000135	0	6.07E-05	0	0	0	0	0	0	0.0020447	0	0.0005337	0	0	0.0007296	0	0	0	0	0	0.0002059	0.0006633	0.0002656	0.0001246	0	0	0	0	0	0.0051623	0	3.47E-05	0	0	0.0021442	0	0	0	0	0	0	0	0	0.0994354	0.0001378	0	0	0.0018378	0.0006247	0	9.89E-05	0.0027367	0
S2627	0	0	0	0.00210342	0	0	0	0	0.001138698	0	0	4.10E-06	0	0	0	0.019545249	0	6.32E-05	3.30E-05	0	8.20E-06	0.000703808	0	0.190862683	0	0	0	0	0	0	0.009112686	0	0	0.020982578	0	0	0	0.009718151	0	0	0	0	0	0.000304533	0.047352312	0.143453346	0	0	0.048439187	0	0	2.33E-05	4.77E-05	0.012743774	3.29E-05	0	0	0	0	0	0	0	0.001388507	0.075411985	0	0	0	0	0	0	0	0.001164309	0.005124441	0	0	0.034785015	0.006655511	0	0	0.034079706	0	0	0.066788213	0	0	0	0	0	0	0	0	0	0	0	0	0	0	0	0.000200988	8.97E-05	0	0	0	0	0	0	0.006617895	1.00E-05	0	0	0	0	0	0	0	0	0.002410154	0	0	0	0	2.04E-05	0.003216607	0.000664791	0.000314137	1.90E-05	0	0	0	0	0	0	0.000747027	0.000562546	0.000170675	0.009834402	0.00095942	0	0	0.000378165	0.001002639	0.009180416	0.001470543	0.002222872	0	0	0.000339949	0.002546514	0.000650985	0	0	0.038420205	0	0	0.001133696	0.000293528	0.006205014	0	0	0	0	0.001438229	0	0.000291628	2.44E-05	0.000884787	0	0.000326543	0	0.000264616	0.002336322	0.007961782	0.001590196	0.000876483	0.00185101	0.007608928	0	0	0.03875115	0	0	0.003398286	0	0	0	0	0	0	0.010865152	0	0	0	0	0.002225774	0.000104946	0.003425698	0	0	0.000336647	0.000899093	0	0	0	0.007379628	0	0	0.005954705	0	0	0	0	0.016086736	0	0	0	0	0	0.000375864	0	0	0	0	0	0	0	0	0	0	0.002154442	0	0	0	0	0	0	0	0	0.060312281	0	0	0	0.000206991	0.000167473	0	9.34E-05	0	0
S2632	0	0	0	0	0	0	0	0	0.010124997	0.007165298	0	0	0.0003336	0	0.0001413	0.005028598	0.003987199	3.09E-05	0	0	0	0.0007037	0	0.030561691	0	0	0	0	0.016256995	0	0	0	0	0.121060664	0	0	0	0.004369999	0	0	0	0	0	0.004306699	0.028248292	0.017561395	0.002676099	0	0	0	0	0	0	0.003980399	0	0	0	0	0	0	0	0	0	0.23302413	0	0	0	0	0	0	0	9.80E-06	0.009202397	0	0	0.056893583	0.0006277	0	0	0	0	0	0	0	0	0	0	0	0	0	0	0	0	0	0	0	0	0	6.41E-05	0.0003826	0	0	0	0	0	0	0	0	0.0008193	0	0	0	0	0	0	0	0	0	0	0	0	0	0.013845396	0.0007757	0.0007678	0.000241	0.002552799	0	0	0.0006799	0	0	0.003451299	0.002522599	0.0012607	0	0.007221798	0	0	0	0.003486299	0.014671296	0.0003107	0.001968199	0	0	0	0.007955898	0	0	0	0.004395599	0.0002487	0.024864493	0.011172197	9.43E-05	0.0006455	0	0	0	0	0.0001272	0	0	0.061315282	0	0	0	0.0004008	0	0	0.007272598	0.0001073	3.09E-05	0.003507599	0	0	0	0.123365963	0.0008668	0	0.0011773	0	0	0	0	0	0	0.018590694	0	0	0	0	0	0	0	0	0.0007291	0	0	0.0014521	0	0	0.003744399	0	0	0	0	0	0	0	0.004072199	0	0	0	0	0	0	0	0	0	0	0	0	0	0	0	0	0	0	0	0	0	0	0	0	0	0.021819793	0	0	0	0.0001767	0	0	0	0.090549673	0
S2663	0	0	0	0	0	0	0	0	0.002338099	2.64E-05	0	0	0	0	0	0.002039899	0	0	7.51E-05	8.37E-05	0.0001157	7.10E-06	0	0.026608687	0	0	0	0	0.007555496	0	0	0	0.001706199	0.043926478	0.153297323	0	0	0.0005487	0	0	0.0005797	0	0.046994177	0	0.11993404	0.027518286	0.06027707	0	0.078457561	0.00031	0	0.0005569	0.004063198	0.04095798	0.0002245	0	0	0	0	0	0	0	0	0	0	0	0	0	0	0	0	0.038744081	0.0006864	0	0	0.107941546	0.005320297	0	0	0.001392399	0	0.002502199	0	0	0	0	0	0	2.95E-05	0	0	0	0	0	0.0008134	0	0	0	0.0002434	0.0006308	0	0	0	7.31E-05	0	0	0	0	0.0001238	0	0	0	0	0	0	0	0	0	0	0	0	0	0	0.001424299	0.00056	2.79E-05	0.003232998	0	0	5.72E-05	0	0	0.003154798	0.0004975	0.004735998	0	0.0004728	0	0	0.0001299	0.001017899	0.002036999	0.0002312	0.0006012	0	0	0	0.003126598	0	0	0	0.006723697	0	0.004166598	0.013248993	0.001194799	0.001340599	0	0.0007033	0	0	0	0	0.003546098	8.40E-06	0	0	7.44E-05	7.27E-05	0	0	0.033376283	0.001255399	0.0006033	4.00E-05	0.021669089	0	0.012848894	0	1.94E-05	0	0.004126598	0	0	0	0	0	0	0.0009499	0	0	0	0	0	0	0	2.49E-05	0	0	0	0	0	0	0.001296699	0	0	0.003449898	0	0	0	0	0	0	0	0	4.00E-05	0	0	0	0	0	0	0	0	0	0	0	0	0	0	0	0	0	0	0	0	0	0.0007125	0	0	0	0.0001702	0	0	0	0.090264455	0
S2680	0	0	0	0.0148233	0	0	0	0	0.0290505	0	0	0.0009928	1.98E-05	0	0	0.0020542	0	0	0.0002037	0.0001876	0.0003779	0.0008763	0	0.1723742	0	0	0	0	0	0	0.0075237	0	0.0063657	0	0	0.0296241	0	0.0178139	0	0.0103308	0.0003406	0	0.0912833	0	0.1139743	0.0991616	0.0011276	0	0.0175947	0	0	0	0	0.0157212	0	0	0	0	0	0.0094048	0	0	0	0	0	0	0	0	0	0	0	0.0025488	0.0009993	0	0	0.0817467	0.006728	0	0	0.0066885	0	0	0.0061492	0	0	0	0	0	0	0	0	6.10E-05	0.0003572	0	0	0	0	0	0.0024711	0.0045307	0	0.0001656	0	1.14E-05	0	0	0	0	0.0025613	0	0.0026268	0	0	0	3.76E-05	0	0	0	0	0	4.30E-06	8.50E-05	0	0.0125463	0.0015942	0.0001043	2.15E-05	0	0.0003829	0.0002918	0	0.0086737	0.0041865	0.005166	0.0021966	0	0.0016531	0	0	0.0001324	0.0017556	0.01523	0.0009242	0.003676	0	0	0	0.0122649	0	0	0	0.0018025	0.000398	0.0170544	0.00368	0	0.0026829	0.0001165	0	0.0019641	0.0001324	0	7.87E-05	0.0009257	0.0005043	0.0008676	0	0.0012774	0	0	0	0.0359362	0.0004116	0.0009728	0.0063892	0.0016718	0	0.0282781	0.0086648	0.003833	0	0.023029	0.001292	0	0	0	0	0	0.0034565	0	0.0002501	0	0	0	0	0	0	0	2.64E-05	0.00019	0	0	0	3.62E-05	0	0	0.0105065	0	0	0	0	0.00252	0	0	0.001975	0.0007188	0.0005007	0.0010581	7.97E-05	0	0	0	0	0	0	0	0	0	0.0010623	0	0	0	0	0	0	0	0	0.0055095	0	0	0	6.75E-05	0.0001479	0	5.90E-06	0	0
S2726	0	0	0	0.026152511	0.008083673	0	0.000591947	0	0.000615957	0	0	0	0	0	0	0.016746787	0	7.00E-06	0	0	0	0	0.000630863	9.64E-05	0	0	0	0	0	0	0.001387079	0	0.004372524	0.001239317	0	0	0	0.001930806	0	0	0.002102877	0	0.001474915	0	0.001846871	0.00781436	0.003521969	0	8.80E-06	0	0	0	0	0.003719052	0	0	0	0	0	0.0062323	0	0	0	0.163237903	0	0	0.018968714	0.030582359	0	0.034904762	0	0.001735424	0	0	0	0.010359322	0.003421327	0	0	0.001398183	0	0.002364687	0.002946929	0	0	2.17E-05	7.30E-05	0.000353548	0.000428779	0	0	0	0.016846528	0.000169371	0.004032082	0	0	0	6.63E-05	0.000640267	0	0.002865195	0	0	0	0	0	0	0.002083569	0	0	0	0	0.129662695	0	0	0	0	0	0	0	0	0	0.000297224	0.001235515	4.65E-05	0.199322857	0.021599011	0	0.000408871	0	0.000545227	0.002448221	0.002560768	0.001664594	0	0.004136626	0.030533439	0	0.000160867	0.001192998	0.000536524	0.001163285	0.009944949	0	0	0	0.003008455	0	0	0	0.064763519	0	0.014161108	0.041622565	0.003456642	0.016061001	0	0	0.00045539	0	0	0	0.000954898	0.00026361	0	0	0.000357449	0	0	0.003032865	0.03612237	0.000212989	0.001003819	0.000637166	0.002209322	0	6.23E-05	0.000937391	0	0	0.001200801	0	0	0	0.002760552	0	0	1.82E-05	0	0	0	0	0	0	0	0.006881471	0	0	0.000317232	0	0	0	0.001292039	0	0	0	0	0	0	0	0	0	0	0.000117649	0.000258908	0	0.000137958	0	0	0	0	0	0	0	0	0	0	0	0	0	0	0	0	0	0	0	0.002737942	0	0	0	0	0	0	0	0.001376874	0
S2817	0	0	0	0.004323099	0	0.005348599	0.0012526	0	0.39806122	0	0	0	0.000528	0	0	0.015736797	7.20E-06	3.58E-05	0.0001498	0.0001568	0	0.001634	0	0.0007047	0.007029499	0.0003073	0	0	0.004365899	0	0.000285	0	0.0002801	0.028705394	0	0.0003183	0	0.004432799	0	0	0	0	0	0.002039	0.021509096	0.011091198	0.0018633	0	0.011742598	0	0	0	0	0.0010813	0	0	0	0	0	0	0	0	0	0.004961499	0	0	0	0	0	0	0	0.0023456	0.0003959	0	0	0.009287898	0.0018471	0	9.50E-05	0.0005497	0	0	0.0013626	0	0	0	0	0	0	0	0	0	0	0	0	0	0	0	0.000663	0.0016887	0	0	0	0	7.03E-05	0	0	0	0.0009167	0	0	0	0	0.0002404	5.62E-05	0	0	0	0	0	0	0	0	0.015616497	0	0	0	0	0	4.38E-05	0	0.0001116	0.0005863	0.004654799	0.0002653	0	0.001729	0	0	0	0.005492099	0.004679099	0.0002898	0.0009934	0	0	0	0.006799699	0	0	0	0.002911299	0	0.0024382	0.0017106	0.0022085	0.005616199	0.0014412	0	5.40E-05	0	0	0	0	6.30E-05	0.00049	0	0.0003703	0.0002797	0	0	0.089783582	0.000157	0.003504199	0.003400399	0.0018202	0	0.023923895	0.016189497	0.0002232	0	0	0	0	0	0	0	0	0.007027999	0	1.85E-05	0	0	0	0	0	0	0.0003506	2.10E-05	0.005374399	0	0	0	0	0	0.003525799	0.0001547	0	0	0	0	0.0001397	0	0	0	0	0	0	0	0.0017498	0	0	0	0	0	0	0	0	0	0	0	0	0	0	0	0	0	0.0001314	0	0	0	0	0	0	0	0.236098153	0
S2846	0	0	0	0.0087258	0.0109592	0.0047722	0.0043018	0	0.0594693	0	0	0.0012056	0.0001708	0	0	0.013364	0	0	0	0	0	0.0002056	0.0055228	0.0330829	0	0	0	0	0	0	0.0004692	0.000183	0	0	0	0.0083709	0	0.0007247	0	0	0	0	0.000303	4.51E-05	0.0024222	0.0154609	0.0002618	0	0.004173	0	0	0	0	0.0028274	0	0	0	0	0.0001023	0.0022742	0	0	0	0.2124446	0	0	0	0.0134027	0	0	0	4.80E-06	0.0001094	0	0	0.002235	0.000163	0	0	0.0015085	0	0	0.000334	0	0	0	0	0	0	0	0	0	0	0	0	0	0	0	0.0018683	0.0054404	0	0.0002493	0	0	0	0	0	0	0	0	0	0	0	0.0088528	0	0	0	0	0	0	0	0	0	0.0026768	0.0005582	0	0.1197693	0	0	0	0	0.0012134	0.0042254	0	0.000465	0	0.0136156	0.0042291	0	0.0003126	0.0018466	0.0206796	0.002681	0.0048323	0	0	0	0.0097147	0	0	0	0.0278227	0	0.0122692	0.0048939	0.0015897	0.0091607	0.0001384	0	0.0003778	0	0	0	0.0058454	0.0003334	0.0001014	0	0	0	0	0	0.052801	0.000726	0.003323	0.0003547	0.0186095	0	0.0001028	0.0013112	0	0	0.0071114	0	0	0	5.21E-05	0	0	0.0077405	0	0	0	0	0	0	0	0	0	0	1.27E-05	0	0	0	0.006092	0	0.0001891	0	0	0.0202825	0	0	0	0	0	0	4.41E-05	0	1.55E-05	0	0	0	0	0	0	0	0	0	0	0.0008272	0	0	0	0	0	0	0	0	0.002136	0	0	0	0.0001371	0	0	0	0.2027689	0
S2883	0	0	0	0.005252299	0	0	0	0	0.006265869	4.30E-05	0	0	0	0	0	0	0	0	7.19E-05	8.00E-05	0.000155541	0.000143438	0.001445185	0.032475048	0.025302838	0	0	0	0.040494484	0	0.001517704	0.00090054	0.008232692	0.241949131	0	0	0	0.048805797	0	0	0	0	0	4.16E-05	0.039247051	0.114649731	0.002331821	0	0.010034472	0.000821719	0	0	0	0.005160874	0	0	0	0	0.002118564	0.033128722	0	0	0	0	0	0	0	0	0	0	0	0	0	0	0	0.017703014	0.002277506	0	0	0.00683372	0	0	0.009341488	0	0	0	0	0	0	0	0	0	0	0	0	0	0	0	0	4.34E-05	0	0	0	0	0	0.000382202	0.000528841	0	0	0	0	0	0	0	0.000143038	0	0.004602126	0	0	0	0	0	0	0	0.000808515	3.14E-05	0.04908157	0	0	0.000190851	0	0.000546245	0.001466791	0.001364163	0.000353694	0.000327387	0.000996765	0	0	0	0.000329288	0	0.000510136	0.00172806	0	0	0	0.00176527	0.006189248	0	0.000362697	0.025968215	0.000576353	0.00458032	0.000433115	0.015006196	0.001885902	0	0	0	0	0	0	0.000758302	0	6.16E-05	0	0.000125433	0	1.55E-05	0	0.045337173	0.005488962	0.000152141	0	0	0	0	0.023038135	0	0	0.000219158	0	0	0	0	0	0	0.002546178	0	4.05E-05	0	0.000316184	0	0	0	0	7.13E-05	0.000780608	0	0	0	0	0	0	0	0	0	0	0	0.000164344	0	0.031031764	0	0	0	0	0	0	0	0	0	0	0	0	0	0	0	0	0	0	0	0	0	0	0	0	0.112745424	0	0	0	0	0	0	0	0	0
S2927	0	0	0	0.021329694	0	0.021948201	0.004519583	0	0.009490544	0.001225212	0	6.00E-06	0	0	0	0.006847186	0	0	0	0	0	0.000169229	0	0.023979253	0	0	0	0	0	0	0.003183351	0.003833664	0	0.001814814	0	0	0	0.00132933	0.155263992	0	0	0	0.002645858	3.60E-05	0.064091401	0.038122503	0.005988637	0	0.021376202	0.000500087	0	0	0	0.002707369	0	0	0	0	0	0.004072805	0	0	0	0	0	0	0	0	0	0	0	0.002290197	4.66E-05	0	0	0.036262681	0.003105138	0	0	0.000831644	0	0	0.004053702	0.016732498	0	0	0	0	0	0	0	9.96E-05	0	0	0	0	0	0	0.000101418	0.001241815	0	0	0	0	0	0	0	0	0.012090894	0	0	0	0	0	0	0	0	0	0	0	0	0.00017333	0.004252637	0.094844527	0.002671963	0.000813141	0.051682451	0	0	0.005701888	0	0.010250875	0.01004754	0.001765806	0.002440323	0	0.002635156	0.030933758	0	0	0.004022697	0.014042732	0.000589802	0.001753604	0	0	0	0.009425132	0	0	0	0.095627363	0.000905457	0.031564667	0.018887571	0.00392438	0.00207636	0	0.004691413	0.001600277	0	0	0	0.00034756	0.00271327	0	0	0.000189133	0	0	0	0.03510478	0.000487084	0.003906077	2.59E-05	0.003922779	0	0.010939595	0.002545541	0.000390568	0	0	0	0	0	0	0	0	0.001477656	0	0	0	0	0	0	0	0	0	0	0.003042327	0	0	0.00149836	0.002723572	0	0.000150426	0.0502292	0	0	0	0	0	0	0	0.000297151	0.000276248	0.000126522	0.000684619	0	0	0	0	0	0	0	0	0	0	0	0	0	0	0	0	0	0	0	0	0	0	0	0	0.000259645	0	0	0	0
S2967	0	0	0	0	0	0	0	0	0.0001363	0.0015105	0	0	0	0	0	0.004165501	0	0	4.00E-06	0	0	8.10E-06	0	0.212447664	0	0	0	0	0	0	0.005504602	0.002230001	0.005296502	0	0	0.007474302	0	0.005778602	0	0	0	0	0.009753703	0.0003395	0.004236001	0.126813438	3.53E-05	0	0.058842818	0	0	0.0011237	0.0004203	0.005047802	0	0	0	0	0	0.001272	0	0	0	0.130333739	0.00013	0	0	0.015765505	0	0	0	2.51E-05	0	0	0	0.012292804	0.0004518	0	0	0	0	0	0.009653803	0	0	0	0	0	0	0	0	0	0	0	0	0	0	0	0	0	0	0	0	0	0	0	0	0	0	0	0	0	0	0	0	0	0	0	0	0	0	0	0	0.0012711	0	1.86E-05	0.0001667	0	0	0	0.0002536	0	3.25E-05	5.27E-05	0.000318	0	0.0007755	0	0	0	0.005662002	0.007819602	0.0006291	0.002339801	0	0	0	0.0014826	0	0	0	0.029115009	0.0002696	0.003668901	0.016417605	0.0005515	0.007584902	0	0	0	0	0	0	0.0002733	0	0	0	0.004357901	0.0002282	0	0	0.106403032	0.0010166	0.0015568	9.30E-06	0	0	0	0.0004869	0.0006319	0	0.0010193	6.44E-05	0	0	0	0	0	0.006491602	0	0	2.53E-05	0	0	0	6.36E-05	0	0.0001126	0	0	0	0	0	0.003471401	0	0	0.0001947	0	0	0	0	0	0.063457419	0	0	0	0	0	0	0	0	0	0	0	0	0	0	0	0	0	0	0	0	0	0	0	0.000121	0.053012016	0	0	0	9.35E-05	5.48E-05	0	0	0.057331717	0
S2971	0	0	0	0.0002793	0	0	0	0	0.0039909	0.0041746	0	3.70E-06	0	0	0	0	0	0	0	0	0	0.0001301	0	0	0	0	0	0	0	0	0	0	0.0274441	0.0921987	0	0.0349432	0	0.0075591	0	0	0	0	0.0529515	0.0786845	0.1524906	0.212887	0.0420929	0	0.0192329	0	0	0.002342	0.0002957	0.0414243	0.0024253	0	0.0005948	0	0	0.0112049	0	0	0.0009831	0	0	0.0003022	0	0	0	0	0.0009614	0.0082445	0.0012599	0	0	0.0693661	0.0010049	0	0	0.0026916	0	0	0	0	0.000161	0	2.32E-05	0	0	0	0	0	0	0	0	0	0	0	5.70E-05	0.0003408	0	5.77E-05	0	0.0001761	0	0	0	0	0	0	0	0	0	0	0	0	0.0014857	0	0	0	0	0	0.0039501	0.0005004	0	0	0	0	0	0	0	0.0006602	0.000493	0.0007981	0.0002658	1.42E-05	0.0023953	0	0	0.0002733	0.0009604	0	7.29E-05	0.0012538	0	0	0	0.0003004	0	7.40E-06	0	0.0083391	0	0.0002342	0.0146116	0.0007911	0.014017	0	0	0	0	0	5.97E-05	0.000748	0	0.0007537	0	0	0	0.0003064	0	0.0170893	0.0044769	0.0001422	4.14E-05	0.0096599	0	0.0024211	0.0105978	0	0	0	0	0	0	0	0	0	0.0016349	0	0	0.0049443	0	0	0	0	0	0	0.0001881	0	0	0	0	0.0010769	0	0	0	0	0	0	0	0	0	0	0	0	0	0	0	0	0	0.0002233	0	0	0	0	0	0	0.0009304	0	0	0	0	0	0	0	0	0.0200966	0	0	0	0	0	0	1.22E-05	8.52E-05	0
S329	0	0	0	0	0	0.0009316	0	0	0.0042425	0.027441003	0	0	0	0	0	0.0010213	0	0	0	0	0	0	0	0.026321103	0.0024545	0	0.014030301	0	1.40E-05	0	0.017652202	0	5.65E-05	0.009471001	0.0018205	0.005883001	0.0041133	0.033246503	0	0	0	0.156855116	0.074369907	0.0029856	0.077187408	0.192106519	0.059899106	0	0.019469802	0	0.0001037	6.40E-06	0.000609	0.015337902	0	0	0	0	0	0	0	0	0	0	0	0	0	0	0	0	0	0.0029512	0.0005799	0.0012481	0	0.023794502	0.0026819	0	0	0.026724403	0.0008632	0.006405201	0.0011486	0	0	0	0	0	0	0	0	1.35E-05	0	0	0	0	0	0	0	0	0	0	0	0	0	0	0	0	0.0002888	0	0	0	0	0	0	0	0	0	0	0	0.0001236	0	0	0.007797201	1.48E-05	0	0	0	0	2.28E-05	0	0.0020058	0.0007199	0	0.0004348	0.0001636	0.0001906	0	0	0	0.0036991	0.0039836	4.15E-05	0.000601	0	0	0	0.0004547	0	0	0	0.011912501	0.0031284	0.006105501	0.0041916	0.0011266	0.009233301	0	1.70E-05	0	0	0	0	0.0002011	0	0.0007049	0	0.0010942	0	0	0	0.028075403	0.0003971	0.0007292	0	0.016798902	0	0.035528904	0.007141101	0.0001484	0	0.000148	0	0	0	0	0	0	0.0002216	0	0	0	0	0	0	0	0	0	0	0	0	0	0.0003555	0.017815702	0	0	0	0	0.0012457	0	0	0	0.011185401	0	0	0	0	0	0	0	0	0	0	0	0	0	0	0	0	0.0002607	0	0	0	0	0	0	0	0.005140201	0	0	0	6.68E-05	7.01E-05	0	0	0.0023741	0
S339	0	0	0	0.000156922	0.000456764	0.00028374	7.56E-05	0	0.000470766	0.000400956	0	0	4.01E-05	0	0	0.001064749	0.001014942	1.62E-05	0	9.00E-06	0	0	6.33E-05	0.073554505	0.007915509	0	0	0	0	0	0	0	2.30E-06	0.005790211	0	0.000675295	0	0.009955895	0	3.43E-05	0	0	0	0.00664053	0.06024614	0.090108324	0.010588083	0	0.025771211	0	0	7.10E-06	4.16E-05	0.004192387	0	0	1.83E-05	0	0	1.15E-05	0	0	0.000128318	0.415874664	0	0	0	0	0	0	0	0.029648154	0	0.00535505	0	0.100473176	0.006776849	0	0	0.00478037	0.000423159	0.005103015	0.000169724	0	0	0	0	0	0	0	0	0	0	0	0	0	0	0	0.000193527	9.57E-05	0	0	0	0	0	0	0	0	0	2.74E-05	0	0	0	0	0	0	0	0	0	0	0	0	0.000491969	0.000959134	0.001170864	0	2.46E-05	0	0	0.000386854	5.60E-05	1.58E-05	0.008660313	0.002471046	0.000922529	0	0.005411558	0	0	0.000121717	0.00592113	0	0.001005841	0.002718681	0	0	0	0.003184946	0	0	0	0.002116397	0	1.54E-05	0.001521013	0.00149691	0.010487769	0	0	0	0	0	0	0.000381753	0	0	0	0.000240934	0	0	0	0.033957857	0.000820215	7.23E-05	0	0.009115477	0	0	0.007718981	0	0	0.00178685	0	0	0	0	0	0	0.001487708	0	0	0	0	0	0	0	0	0	0	0.00013942	0	0	0	0.016976178	0	4.47E-05	6.62E-05	0	0	0	5.90E-05	7.44E-05	0.004786671	0	0.000278339	3.02E-05	2.85E-05	0.000609085	0	0	0	0	0	0	0	0	0	0	3.82E-05	0	6.29E-05	0.000183226	0	0	0	0	0	0.00164173	0	0	0	0.00021313	0.000376153	0	0.000852619	0	0
S402	0	0	0	0	0	0	0	0	0	0	0	0	0	0	0	0.0013008	0	0	0	0	0	0	0.0001437	0.065917613	0	0	0.081091516	0	0	0	0	0	0	0.0023229	0	0.05116501	0	0.004359801	0	0	0.005198001	0	0.232178346	0.014034403	0.069214614	0.165973033	0.016491803	0	0.010920102	0.003013101	0.0001276	0.000331	0.001352	0.013435403	0	0	0	0	0	0	0	0	0	0	0	0	0	0	0	0	0	0.003853601	0	0.0007707	0	0.010273702	0.0022942	0	0	0.012585003	0	0	0.012279602	0	0	0	0	0	0	0	0	0	0	0	0	0	0	0	0	0	0	0	0	0	0	0	0	0	0.003598701	0	0	0	0	0	0	0.0006201	0	0	0	0	0	0	0	0.0019665	4.63E-05	0	0.0008707	0	0	0.0007777	0	0.005930301	4.62E-05	0.005758001	0	0	0.0004042	0.0002388	0	0.0002541	0.0013198	0	0.0007438	0.0008936	0	0	0	0.002537001	0	0	0	0.019761404	0	0.005272501	0.0005591	0.0004419	0.084987717	0	0	0.0002472	0	0	0	0.016871003	0.001619	0	0	0	0	0	0	0.04860131	0.0002836	5.68E-05	0	0.0007501	0	0.0010637	9.63E-05	0	0.0005655	0.005979201	0	0	0.0002121	0	0	0	0	0	0	0	0	0	0	0	0.0004165	0	0	0.0003488	0	0	3.50E-05	0.0009433	0	9.94E-05	0	0	0	0	0	0	0	0	0	0.0002776	0	0.0001509	0	0	0	0	0	0	0	0	0	0	0	0.0001381	0	0	0	0	0	0	0	0.00069	0	0	0	7.56E-05	9.38E-05	0	0	0.0015127	0.0012165
S573	0	0	0	0.0001879	0	0.0001022	0	0	8.78E-05	0	0	0	0	0	0	0.0003073	0	0	0	0	0	0	0	0.029893494	0.0006202	0	0	0	0.020815196	0	0	0	0	0.0002783	0.000369	0	3.32E-05	0.014639897	7.30E-06	0	0	0	0	0.012538097	0.023907095	0.087818582	0.0024956	0	0	0.0011659	0	0	0	0.014212697	0	0	0	0	0	0	0	0	0	0.629629474	0	0	0	0	0	0	0	0.000426	0	0	0	0.04957029	0.0010741	0	0	0.007109599	0	0.0011069	0.007325599	0	0	0	0	0	0	0	0	0	0	0	0	0	0	0	0	0	0	0	0	0	0	0	0	0	0	0	0	0	0	0.0016141	0	0	0	0	0	0	0	0	0	0.004523399	0	0	0	0	0	0.0019047	0	0.0004974	3.83E-05	0	2.33E-05	0	7.81E-05	0.0017797	0	0	1.03E-05	0.0013012	0	0.0005881	0	0	0	0	0	0	0	0.031570694	0	0.0010785	0.000154	0.003160499	0.006554399	0	0	0.000188	0	0	0	0.002884799	0.009772198	0	0	0	0	0	0	0.008760898	0	0.0004673	0	0.0010839	0	0.0015939	0.0024422	0	0.0003066	0.002109	0	0	0	0	0	0	0	0	0	0	0	0	0	0	0	0	9.60E-05	0.0003509	0	0	0	0.0020904	0	0.0001371	0	0	0	0	0	0	0	0	0	0	0	0.0001384	0	0	0	0	0	0	0	0	0	0	0.004801899	0	1.77E-05	0	0	0	0	0	0	0.0001088	0	0	0	0.0009538	0	0	0.0010978	0	0
S578	0	0	0	0.0031454	0	0.0001962	0.0023841	0	0.0006551	0	0	0	0	0	0	0.007123599	0	0	0	0	0	0	0	0.006366599	0	0	0	0	0	0	0	0	0	0	0	0.006889799	0	0.006058099	0.0001078	0	0	0	0.073213493	0.0029102	0.006349599	0.045115595	0.007718199	0	0	0	0	0.000819	5.32E-05	0.011240599	0	0	0	0	0.0006682	0.011288399	0	0	0	0.032623897	0	0	0	0.070145493	0	0	0	0	0	0	0	0.064421594	0.0036072	0	0	0.010960499	0	0	0.008585499	0	0	0	0	0	0	0	0	7.12E-05	0.0030327	0	0	0	0	0	0	0.0007613	0	0	0	0	0	0	0	0	0	0	0	0	0	0	0	0	0	0	0	0	0.0001986	0	0.001723	0.032413397	8.30E-06	0.0010566	0.061530194	0	0	0.0048992	0	0.0005844	0	0.0005821	0.0003041	0	0.0009866	0	0	0.0005124	0.0013036	0	0.000388	0.0034805	0	0	0	0.0009468	0	0	0	0.124716388	0.0036648	0.156417384	0.0008351	2.85E-05	0.013348499	0	0	0	0	0	0	0.0042118	9.40E-06	0	0	0.0018004	0	0	0	0.115683088	0.0010027	0.0038626	0	0.0001545	0	0.008936899	0.018797398	0.0006934	0	0.0022433	0	0	0	0	0	0	0.000211	0.0003361	0	0	0	0	0	0	5.01E-05	0	0	0	0	0	0	0.036962496	0	0	7.04E-05	0	0	0	0	0	0.006742499	0	0	0	0	0	0	0	0	0	0	0	0	0	0	0	0	5.51E-05	0	0	0	0	0	0	0	0.0005423	0	0	0	2.24E-05	0.0001036	0	0	0.0010406	0
S847	0	0	0	0	0	0	9.46E-05	0	0.000491052	0.000587162	0	0.000280829	0	0	0	0.00086219	3.49E-05	0	0	0	0	0	0	0	0	0	0	0	0.183540553	0.168309956	0	0	0.000354737	0.010079057	0.127762002	0	0	0.039024294	0	0.006638396	0.003010916	0	7.40E-06	0.009564303	0.175143373	0.055748848	0.0009506	0	0.003830402	0.001168623	2.64E-05	0.000508453	0.000466349	0.003454062	0	0	0	0.000104511	0	0	0	0	0	0	0	0	0	0	0	0	0	0.032131371	0.000198921	0.020758078	0	0.000322734	0.002259137	0	0	0.020608962	0	0	0.007280164	0	0	0	0	0	0	0	0	0	0	0	0	0	0	0	0.000375639	0.000308632	0	0	0	0	0	0	0	0	0	0	0	0	0	0	0	0	0	0	0	0	0	0	0	0.000120213	0.000149916	0	0	0	0	0.000224624	0.000578561	0	0.000980703	0.000305432	0.000236425	3.47E-05	0.002627376	0	0	0	0.000691473	0.012971961	0.000121013	0.000726276	0	0	0	0.004541776	0	0	0	0.001155221	0.000127013	0.003247641	0.002773691	0.000270228	0.024005918	0	0.005188744	0	0	0	0	0.007111446	0.000386141	0	0	0.001514759	0	0	0	0.038145401	4.22E-05	0.001914801	3.47E-05	0	0	0.001034108	0.002495062	4.43E-05	0	0.000272829	0	0	0	0	0	0	0.00028443	0	0	0	0	0	0	0	0	0	0	0	0	0	0	0.000824386	0	0	0	0	0	0	0	0.001277234	0	0	0.000937298	0.001735282	0.000549758	0.000732177	0.000456248	0	0	0	0	0	0	0	0	0	0	0	0.000116712	0	0	0	0	0	0	0	0	0	0	0.001329039	0.001065312	0	0.000329835	0	0
S865	0.002248214	0	0	0.003267501	0	0	0.000784644	0	0.000531698	7.89E-05	0	5.89E-05	0	0	0	0.005774663	0	0	5.02E-05	1.53E-05	7.64E-05	0.000457184	0.002058879	0.044308253	0.000259448	0	0	0	0.013284744	0	0	0	0.00021954	0.000933272	0	0.016570749	0	0.001441565	0	0.000284752	0	0	0.000180833	0.009697284	0.092518923	0.065573766	0.000250146	0	0.042735563	0	0	0	0.001500476	0.01108634	1.37E-05	0	0	0	0	0.007621402	0	0	0.000276551	0.040032366	0	0	0	0	0	0	0	0.001005685	0.001347748	0	0	0.16842289	0.008607384	0	0	0.010450523	0.003118674	8.20E-05	0.010361406	0	0	0	0	0	0	0	0	1.21E-05	0	0	0	0	0	0	3.27E-05	0	0	0	0	0	0	0	0	0	0	0	0	0	0.007491979	0.213740328	0	0	0	0	0	0.004086452	0.001262432	0	0	0.002695796	0	0	0	0	0	8.10E-06	0.000159529	0.000297455	1.23E-05	0.000284552	0	0.0016321	0.00076074	0	0	0.000132824	0.000496691	0.000365967	0.00032766	0.000664422	0	0	0.00021854	0.002777111	0	0	0	0.010348404	0.009469642	0.000860458	0.004908803	0.000124623	0.011653344	0.000192435	0	0	0	0	5.30E-06	0.01505397	0.003743989	0	0	0.001243329	0	0	0	0.0483703	0.000223441	0.001816834	0	0.002238512	0	0	0	0	0	0.005140046	0	0	0	0	0.033494463	0	0.009014759	0	0	0	0	0	0	0	0.001690111	0	0	0.000889364	0	0	0	0.000827652	0	0.000207738	0.000209639	0	0	0	0	0	0	0	0	0	0	0	0	0	0	0	0	0	0	0	0.007928159	0	0	0	0	0	0	0	0	0	0	0.01804272	0	0	0	0	0	0	0	0.007189523	0
S884	0	0	0	2.75E-05	0	0	0	0	0.022507853	0	0	0	3.12E-05	0	0	0.004844528	0	6.30E-06	4.86E-05	9.40E-06	7.04E-05	0.000137915	0	0.080727299	0.033803685	0.024044421	0	0	0.178038806	0	0	0	0.00045765	0.010928291	0	0	0	0.021035893	0	0.003507282	0	0	0	0.013000517	0.056623272	5.42E-05	0	0	0.035173534	0.001437357	0.000114512	0.000111112	0.000619067	0.005349883	0	0	0	0	0	0	0	0	0	0.000481753	0	0	0	0	0	0	0	0.011919599	0.000266029	0	0	0.086966479	1.48E-05	0.002044023	0.000975706	0.02183148	0	0.018510218	0	0	0	0	0	0	0	0	0	4.25E-05	0.001478361	0	0	0	0	0	0.000300333	0.000567962	0	0	0	0	0	0	0	0	0.003099438	0	0	0	0	0	0.000155617	0	0	0	0	0	0.000197922	0.000146016	0	0.001148525	0.00137715	2.77E-05	5.43E-05	0	0	0.002130132	0	0.003334063	0.006024457	0.002404662	0.00211193	0	0.008313706	0	0	0.000282731	0.003292359	0.001489162	0.000799087	0.003181047	0	0	0	0.004353475	0	2.45E-05	0	0.064901774	0.000218924	0	0.001341846	0.001155026	0.002995427	0	0	7.60E-06	7.28E-05	0	0	0.00522627	0.000332036	0	0	0.00064097	0	0	0	0.025518482	0.000484553	9.47E-05	0.001489262	0.131691654	0	0.000470951	0.02082597	5.96E-05	0	0.002690193	0	0	0	0	0	0	0.00100841	0	0	0	0	7.91E-05	0	0	0	0	0	0.000320035	0	0	0	0.00421656	0	0.000145816	0	0.011920999	0	0	0	3.84E-05	0	0	0	0	0	0.000701176	0	0	0	0	0	0	0	0	0	0	0.002553378	0	0.000410045	0	0	0	0	0	0	0.008152889	0	0	0	0	5.75E-05	0	0.010955994	0.01623517	0.000873595
